;Time;V_sa;V_sh;I;R_sa;T
0;0.0003889999999999727;4.1704353;0.000329056998;0.0438742664;95.05424573890996;272.8179744
1;0.07735899999999996;4.17116992;0.000328695342;0.0438260456;95.17559393950887;274.22777253333334
2;0.12945200000000012;4.17276966;0.000329421299;0.04392283986666667;95.00227382079505;275.1156157333333
3;0.18064599999999986;4.16825312;0.000328738681;0.043831824133333336;95.09650128455678;275.8918395466667
4;0.23682500000000006;4.17021221;0.000329450654;0.04392675386666667;94.93558806230203;276.64882192
5;0.2926899999999999;4.17046268;0.000328756946;0.04383425946666667;95.14162508371761;277.3419616
6;0.3481200000000002;4.1743543;0.000329574788;0.04394330506666667;94.99409053704679;278.03003264
7;0.402428;4.17630963;0.000330237236;0.04403163146666667;94.8479420564191;278.67680296
8;0.45907600000000004;4.17526408;0.000329148199;0.043886426533333335;95.13793693885592;279.27980146666664
9;0.5187870000000001;4.17562514;0.000328514949;0.04380199320000001;95.32956915759713;279.75318599999997
10;0.5717750000000001;4.17803607;0.000329757241;0.04396763213333333;95.02526898264534;277.31075842666667
11;0.6308769999999999;4.17769485;0.000329151029;0.04388680386666667;95.19250621877897;282.94302746666665
12;0.6871270000000003;4.17368267;0.000328673226;0.0438230968;95.23933666869475;283.86058274666664
13;0.740863;4.17650265;0.000328173926;0.04375652346666667;95.44868556985845;284.4400870133333
14;0.7948690000000003;4.17840914;0.000330151187;0.04402015826666667;94.92035704842097;285.0813924
15;0.851235;4.17665703;0.000329490496;0.043932066133333336;95.0708081273458;286.16234464
16;0.9096640000000003;4.17951702;0.000330042697;0.04400569293333333;94.9767346313983;282.84273608
17;0.962923;4.17944476;0.000329747461;0.04396632813333333;95.06012754409048;283.3500199733333
18;1.0220730000000002;4.18114123;0.000330317214;0.044042295200000005;94.93468065215637;284.92087482666665
19;1.07856;4.17802606;0.000329431075;0.04392414333333334;95.11912453917711;284.12504026666664
20;1.131179;4.18224263;0.000329841076;0.04397881013333334;95.09676631360492;281.24273738666665
21;1.1916000000000002;4.18052461;0.000328733595;0.043831146;95.37794448723746;280.96903026666666
22;1.2422110000000002;4.18067406;0.000330116473;0.044015529733333336;94.98179586451597;281.1153114933333
23;1.2999240000000003;4.1810647;0.000330222386;0.04402965146666667;94.9602043333307;281.3321407733333
24;1.3546550000000002;4.18290625;0.000329814148;0.043975219733333334;95.11962135414518;281.504974
25;1.411552;4.18170392;0.000329670528;0.043956070400000005;95.13370694756189;285.31123797333333
26;1.471364;4.18270807;0.000329709529;0.04396127053333334;95.14529537603991;287.30642112
27;1.5240420000000001;4.1859036;0.000330254305;0.04403390733333334;95.06091676836732;287.90239896
28;1.582887;4.18235349;0.00033006188;0.044008250666666665;95.03566778144753;288.25896005333334
29;1.638223;4.18518037;0.00033077987;0.044103982666666666;94.89347938555028;288.45315008
30;1.6920510000000002;4.18460654;0.000330738973;0.04409852973333333;94.89220083536996;288.55340256
31;1.746937;4.18372179;0.000329749522;0.043966602933333335;95.15681246385552;288.67588944
32;1.801978;4.18445329;0.000330234458;0.04403126106666667;95.03369171426685;288.7404101066667
33;1.8612450000000003;4.18656472;0.000329753966;0.04396719546666667;95.2201903160734;289.03521376
34;1.911085;4.18829381;0.0003313631;0.044181746666666674;94.79692692095166;287.7366722933333
35;1.9689459999999999;4.18911734;0.000330660104;0.04408801386666667;95.01714803186536;287.5182447733333
36;2.014977;4.1865599;0.000330597669;0.0440796892;94.97707393091146;287.17375445333334
37;2.0577669999999997;4.18905962;0.000330051069;0.0440068092;95.19116918842643;287.5762678666667
38;2.104803;4.18901867;0.00033131333;0.04417511066666667;94.82757613465175;287.8234947733333
39;2.1490570000000004;4.18788268;0.00033047381;0.04406317466666666;95.04269067494337;287.9741872266667
40;2.202094;4.18611903;0.00033148499;0.04419799866666667;94.7128638464143;288.10517224
41;2.2576950000000005;4.18865519;0.000330797171;0.04410628946666667;94.96729923666729;288.18607370666666
42;2.3085280000000004;4.18890123;0.000330659091;0.0440878788;95.01253732352394;288.2510622666667
43;2.3643579999999997;4.18834955;0.000330812302;0.044108306933333334;94.95602622722295;288.34299776
44;2.415791;4.19089092;0.000330697284;0.044092971200000004;95.04668898339062;288.41437536
45;2.4756120000000004;4.1918033;0.00033246142;0.04432818933333333;94.56292627878447;288.4786148
46;2.5317130000000003;4.19287073;0.000330835464;0.0441113952;95.05187290017977;288.50321106666667
47;2.588276;4.19397297;0.000330484265;0.04406456866666667;95.17789682059446;288.5593154933333
48;2.6403589999999997;4.19662111;0.000331187639;0.04415835186666667;95.03572784309138;288.58602978666664
49;2.695587;4.19244447;0.000330575267;0.04407670226666667;95.11701770780085;288.6246810133333
50;2.753891;4.19355275;0.000330787357;0.044104980933333336;95.08116002450481;288.67686509333333
51;2.804122;4.19637525;0.000331582649;0.044211019866666666;94.91695198743648;288.71692133333335
52;2.8611610000000005;4.19135987;0.000330539496;0.0440719328;95.10270150892953;288.76602261333335
53;2.9185890000000003;4.19428183;0.000330593068;0.044079075733333334;95.1535793394192;288.81581303999997
54;2.972985;4.1936596;0.000331831057;0.04424414093333333;94.7845186172553;288.84960189333333
55;3.0258689999999997;4.19081291;0.000331084163;0.04414455506666667;94.93385772426693;288.90652128
56;3.079628;4.19129097;0.000331113823;0.044148509733333334;94.93618233812002;288.90979752
57;3.1377080000000004;4.19197106;0.00033181915;0.04424255333333334;94.74975434660718;288.97657735999996
58;3.1890950000000005;4.18832862;0.000330592546;0.044079006133333334;95.01867186684844;289.00657786666665
59;3.2443329999999997;4.19327585;0.000331383593;0.04418447906666667;94.90382004217088;289.0617590933333
60;3.30338;4.19454191;0.000330217582;0.044029010933333335;95.26768421737155;289.12951317333335
61;3.360369;4.19333544;0.000330244075;0.04403254333333334;95.23264209963493;289.1391052
62;3.410385;4.19134705;0.000331061235;0.044141498;94.95253310161789;289.21064906666663
63;3.4649370000000004;4.18942929;0.000331432924;0.044191056533333335;94.8026505507944;289.26117008
64;3.520596;4.19149406;0.000332271644;0.04430288586666667;94.6099554917181;289.32424456
65;3.572544;4.19111646;0.000331391558;0.04418554106666667;94.85266806343932;289.36562424
66;3.627627;4.19574366;0.000330377661;0.0440503548;95.24880512426655;289.42002930666666
67;3.6863699999999997;4.19243057;0.000331298363;0.04417311506666667;94.90909943011097;289.46039032
68;3.739335;4.19385997;0.00033120326;0.04416043466666667;94.96872034109808;289.5186086933333
69;3.794706;4.19182197;0.000331079696;0.04414395946666667;94.9579969863208;289.58392664
70;3.850896;4.1930573;0.000332410533;0.0443214044;94.60569575272756;289.6343077866667
71;3.90446;4.19423298;0.000331118114;0.04414908186666667;95.00159012744315;289.67788813333334
72;3.9588129999999997;4.19425576;0.000331670249;0.044222699866666666;94.84395508745193;289.78007834666664
73;4.013725000000001;4.19514803;0.00033201612;0.044268816;94.76530906089741;289.8027477333333
74;4.0716339999999995;4.19416024;0.000332013219;0.04426842920000001;94.7438234379457;289.89040402666666
75;4.126488;4.1964853;0.000332127104;0.04428361386666667;94.76384002071688;289.95485594666667
76;4.180915000000001;4.19641765;0.000331394265;0.044185902000000006;94.97186795009864;290.03070597333334
77;4.2388639999999995;4.1982723;0.000331579678;0.04421062373333333;94.96071182625373;290.1099602933333
78;4.293984;4.19745539;0.000331606725;0.04421423;94.93449032132868;290.17025192
79;4.346971;4.19720551;0.000331253267;0.04416710226666667;95.0301309028297;290.2599084533333
80;4.402342000000001;4.1960239;0.000331601131;0.044213484133333335;94.90371506000683;290.36889757333336
81;4.461843;4.19638662;0.000332554015;0.044340535333333334;94.6399629245192;290.44540015999996
82;4.5107420000000005;4.19625615;0.000331659308;0.04422124106666667;94.89231981693696;290.53194541333335
83;4.563573;4.19645513;0.000331402934;0.04418705786666667;94.97023184170119;290.60766477333334
84;4.622373;4.19619477;0.000331595183;0.044212691066666664;94.90928212609168;290.72314464
85;4.678013999999999;4.19309678;0.000330768828;0.0441025104;95.07614741132741;290.8261976
86;4.733052000000001;4.19511938;0.000331204812;0.0441606416;94.99679415889646;290.91217322666665
87;4.788742000000001;4.19289414;0.000331989827;0.04426531026666666;94.72189655377603;291.02383144
88;4.843209;4.19506483;0.000331765745;0.044235432666666664;94.83494513576137;291.1430829066667
89;4.896018;4.19350118;0.000332179973;0.044290663066666666;94.68138180022069;291.23331341333335
90;4.950291999999999;4.19350829;0.000331173298;0.04415643973333333;94.96934796657429;291.36975952
91;5.007796000000001;4.19745201;0.000332254187;0.044300558266666665;94.74941567854493;291.4909657333333
92;5.062597;4.19634599;0.000331274651;0.04416995346666667;95.0045372623455;291.6309250666667
93;5.114492;4.19849713;0.000332044667;0.04427262226666667;94.83280896964382;291.7523120266667
94;5.172278;4.19899698;0.000332451188;0.044326825066666665;94.72812396748002;291.86606736
95;5.227691999999999;4.19870074;0.00033177899;0.04423719866666667;94.91335045055142;291.99253696
96;5.282368999999999;4.20007814;0.000331116215;0.04414882866666667;95.13453169304921;292.11611824
97;5.3385739999999995;4.20323154;0.000332604979;0.04434733053333333;94.77980950489619;292.27454511999997
98;5.395600999999999;4.20153975;0.00033096475;0.044128633333333334;95.21119129756266;292.41163936
99;5.450691000000001;4.20185297;0.000331665213;0.0442220284;95.01719215575376;292.5562328533333
100;5.503119;4.20253551;0.000332009165;0.04426788866666667;94.93417546169243;292.6590802933333
101;5.565636;4.20301004;0.000332618273;0.04434910306666667;94.7710269062698;292.83689925333334
102;5.6143920000000005;4.20494282;0.000332810602;0.044374746933333334;94.75981522367488;292.93703693333333
103;5.669442;4.20291792;0.000331755804;0.044234107200000004;95.01532157068154;293.1227532533333
104;5.726587;4.20592541;0.00033371634;0.044495512;94.52471094163384;293.23931581333335
105;5.782145;4.20718619;0.000332815698;0.0443754264;94.80891861356852;293.38423272
106;5.838158;4.21064139;0.000332804292;0.0443739056;94.89003352456766;293.51478597333335
107;5.891341000000001;4.2064837;0.000333882073;0.04451760973333334;94.4903314710161;293.69503136
108;5.950416000000001;4.20667173;0.000331552309;0.04420697453333333;95.15855302036216;293.86274546666664
109;6.004816;4.20675901;0.000331626851;0.04421691346666667;95.13913749704182;294.0184499733333
110;6.044606;4.20831608;0.000332541289;0.044338838533333334;94.91263684853283;294.15464517333334
111;6.099169;4.20909835;0.00033193326;0.044257768;95.10417131745098;294.2936212266667
112;6.153352;4.21020889;0.000332570849;0.04434277986666667;94.94688656551493;294.49604021333334
113;6.209949;4.20845914;0.000332807817;0.0443743756;94.83985032118402;294.61789032
114;6.256423999999999;4.20971711;0.000333692292;0.0444923056;94.61674447367817;294.82038509333336
115;6.311038;4.20792818;0.000333614325;0.04448191;94.59863976164692;294.96166853333335
116;6.365753999999999;4.21013761;0.000332778419;0.044370455866666665;94.88605712439545;295.11996832
117;6.417176999999999;4.21147675;0.000333279426;0.0444372568;94.77355384367472;295.3165010133333
118;6.475643;4.20907893;0.000334303403;0.04457378706666667;94.4294664418956;295.4991101333333
119;6.5290289999999995;4.21062752;0.000335061893;0.044674919066666666;94.25036705084216;295.66873597333336
120;6.583138;4.21095096;0.000331697084;0.04422627786666666;95.2137770376058;295.8268162933333
121;6.644157;4.21084701;0.000332788351;0.04437178013333334;94.89921290844703;295.99109762666666
122;6.691604;4.21476279;0.000331702969;0.04422706253333333;95.2982755032259;296.15215122666666
123;6.7488980000000005;4.21357542;0.000331515536;0.04420207146666667;95.32529314101284;296.47644512
124;6.80185;4.21476264;0.000331117188;0.0441489584;95.46686474034685;296.68949066666664
125;6.858725;4.21373305;0.00033086459;0.044115278666666674;95.51641012717619;297.23366527999997
126;6.913724;4.2135152;0.000332257481;0.044300997466666665;95.11106839457439;298.37766690666666
127;6.965327;4.21383251;0.000332634389;0.04435125186666667;95.01045252720395;299.11013274133336
128;7.024374999999999;4.21489864;0.00033084442;0.044112589333333334;95.54865637449772;299.3955385333333
129;7.0791059999999995;4.21440271;0.000332193783;0.0442925044;95.149343372871;298.8907635306667
130;7.137879999999999;4.21584992;0.00033214819;0.04428642533333333;95.19508265271595;300.173323888
131;7.19116;4.21547209;0.00033322282;0.04442970933333334;94.87957840042286;299.82023678666667
132;7.246402999999999;4.21564208;0.000333249071;0.04443320946666667;94.87593020176791;299.984466408
133;7.302322;4.21934522;0.000333212654;0.044428353866666666;94.96965007217284;299.62833649866667
134;7.345478;4.21944218;0.000333843815;0.044512508666666666;94.79227988692855;299.37717779733333
135;7.395576;4.21862058;0.000331275579;0.0441700772;95.50856252522013;298.84913096
136;7.4491879999999995;4.21707061;0.000331711604;0.04422821386666667;95.34797454658836;298.53717829333334
137;7.499210999999999;4.21981489;0.000332569351;0.04434258013333334;95.16394574495833;298.48617794666666
138;7.5454170000000005;4.21787202;0.000332620977;0.0443494636;95.10536718193813;298.6369373333333
139;7.598246;4.21393201;0.000333056212;0.04440749493333333;94.89236031724278;298.8960526906667
140;7.6563680000000005;4.21726439;0.000332748218;0.04436642906666667;95.0553037221675;299.2649757813333
141;7.713488;4.22013356;0.000332956864;0.04439424853333333;95.0603670390168;299.47632033866665
142;7.764491;4.21921581;0.000331859199;0.044247893200000006;95.35404976072395;299.7164679146667
143;7.812412999999999;4.21842006;0.000332989388;0.04439858506666666;95.01248865624511;299.8016832
144;7.858302;4.22042626;0.000333096697;0.04441289293333334;95.02705140903873;300.09971324266667
145;7.915443;4.22307202;0.000333361537;0.04444820493333333;95.01108146738596;300.4566187546667
146;7.969825;4.22360203;0.000333837994;0.044511732533333334;94.88738787772611;300.60140648
147;8.025734;4.22193283;0.000333251678;0.04443355706666667;95.01676455174517;300.75433644266667
148;8.080242;4.22292737;0.000333935832;0.044524777599999996;94.84443488831711;301.0205356
149;8.135958;4.22034501;0.000332952289;0.044393638533333335;95.06643630553324;301.29909164213336
150;8.193987;4.22081304;0.000331461474;0.044194863200000004;95.50460696979825;301.4674016472
151;8.246781;4.22355293;0.000333520307;0.04446937426666667;94.97666651823992;301.5673184770667
152;8.30519;4.22548608;0.000333259981;0.044434664133333336;95.09436298023432;301.72534387733333
153;8.361219;4.22749419;0.00033269973;0.044359964;95.29976602325465;301.97832629066664
154;8.416938;4.22665508;0.000332629444;0.04435059253333334;95.300983336881;302.0550881253333
155;8.473154;4.22330626;0.000332524326;0.0443365768;95.25557823399663;302.4166430853333
156;8.529415;4.22515609;0.00033210955;0.044281273333333336;95.41631872675747;302.6972938613333
157;8.587173;4.22357881;0.00033440462;0.04458728266666667;94.72608684353702;302.757531864
158;8.639648;4.22552434;0.000333041339;0.04440551186666667;95.15765413734418;303.123707952
159;8.694818999999999;4.22500853;0.000333239851;0.04443198013333333;95.08935945058984;303.4897149546667
160;8.75213;4.22547148;0.000332055117;0.0442740156;95.4390836868206;303.86162619733335
161;8.80777;4.22491874;0.000332983323;0.0443977764;95.16059322286239;304.032322184
162;8.846772;4.22312572;0.000332054336;0.04427391146666667;95.3863252669587;304.33903328
163;8.901885;4.22877151;0.000333388709;0.04445182786666667;95.13155505515334;304.7413772
164;8.956404;4.2247933;0.000332970681;0.0443960908;95.16138074030607;304.962596
165;9.006224999999999;4.22410705;0.000332796202;0.04437282693333334;95.19580657654258;305.2719879466667
166;9.052954;4.22368925;0.000332703862;0.04436051493333333;95.21280932711265;305.4535309066667
167;9.112046;4.22594487;0.000333587155;0.04447828733333334;95.01141171038195;305.7194164
168;9.165244999999999;4.22233956;0.000332405227;0.044320696933333334;95.26789631379653;305.9340234933333
169;9.220535;4.2239443;0.000333841602;0.0445122136;94.89405173055694;306.17656834666667
170;9.276068;4.22429457;0.00033260809;0.044347745333333334;95.25387453744735;306.07799514666664
171;9.330983;4.22456172;0.000333076799;0.04441023986666667;95.12584783787355;306.13695522666666
172;9.385107;4.22115432;0.000333771993;0.0445029324;94.85115007837102;306.31286845333335
173;9.439845;4.22267931;0.000334215589;0.044562078533333334;94.759478215123;306.4647355733333
174;9.496893;4.22521247;0.000333257049;0.044434273200000006;95.08904198752596;306.70852736
175;9.552479;4.22383309;0.000332780054;0.04437067386666667;95.19425156112271;306.949618
176;9.605049;4.22807765;0.000333706434;0.044494191200000005;95.02538502149467;307.08704864
177;9.663162999999999;4.22621508;0.000333192698;0.04442569306666667;95.12997520731982;307.35311186666667
178;9.718893;4.22727776;0.000333505547;0.04446740626666667;95.06463531174789;307.66224808
179;9.773429;4.22713819;0.000333466935;0.044462258;95.07250374013843;307.43107853333333
180;9.828081;4.22664042;0.000334579474;0.04461059653333334;94.74521186556709;307.7271044533333
181;9.888995999999999;4.22834292;0.000331849067;0.04424654226666667;95.56323959771748;307.8923550933333
182;9.93339;4.22937292;0.000332631836;0.04435091146666666;95.36157837880559;308.0280049333333
183;9.989048;4.22870028;0.000332968034;0.04439573786666667;95.2501407387353;308.20011970666667
184;10.046221;4.22778142;0.000334857642;0.04464768560000001;94.69206215696877;308.28416496
185;10.104194;4.228367;0.000332925659;0.04439008786666667;95.25475625776264;308.33727258666664
186;10.156464;4.22799838;0.000333524401;0.044469920133333334;95.07546600765801;308.5231731733333
187;10.212636;4.22965089;0.000334425664;0.044590088533333336;94.85630168323445;308.51609128
188;10.268169;4.22760398;0.000333552175;0.04447362333333333;95.05868114935842;308.79152888
189;10.32409;4.22869182;0.000334233301;0.044564440133333334;94.88937384488806;309.00030304
190;10.378388;4.23014397;0.000333109307;0.04441457426666667;95.2422496408964;309.14731378666664
191;10.432901;4.23220442;0.000333835853;0.04451144706666667;95.08125884250066;309.1586136
192;10.491007;4.23359057;0.000333461552;0.04446154026666666;95.21916120332817;309.14032064
193;10.544611999999999;4.23167316;0.000333382055;0.04445094066666667;95.1987313774282;309.29334826666667
194;10.602196;4.2360436;0.00033388065;0.04451742;95.15474167191181;309.2089746666667
195;10.65856;4.23809908;0.000333457962;0.044461061600000004;95.3215898920416;308.94201191999997
196;10.712679999999999;4.23663855;0.000332953598;0.04439381306666666;95.43308531839324;308.9959557866667
197;10.768227999999999;4.23576327;0.000332915079;0.0443886772;95.42440859219838;309.12478632
198;10.823686;4.23672469;0.000333180537;0.044424071600000004;95.37002209405766;309.45016535999997
199;10.880175;4.2349049;0.000333632853;0.0444843804;95.19981759709977;309.82340672
200;10.934217;4.2342219;0.000335225979;0.044696797200000006;94.73210979868595;309.7552670133333
201;10.994534999999999;4.23618347;0.000333393391;0.044452452133333334;95.29695813616173;309.7287910133333
202;11.045795;4.2377452;0.000333586046;0.04447813946666667;95.27703386010336;309.9746588
203;11.097954;4.23995205;0.000333356133;0.0444474844;95.39239638047998;310.34411730666665
204;11.156179999999999;4.24272762;0.000333260429;0.04443472386666667;95.48225466036352;310.3048461866667
205;11.197334;4.24181429;0.0003353588;0.04471450666666667;94.86438756042782;310.0434658666667
206;11.240045;4.24249322;0.000334653458;0.044620461066666665;95.0795468845865;310.18447272
207;11.297153999999999;4.2410151;0.000332842482;0.0443789976;95.56356225585412;310.36671151999997
208;11.352243;4.24103474;0.000334704754;0.04462730053333333;95.03229389445721;310.5546813066667
209;11.40995;4.24044556;0.000332030706;0.044270760799999996;95.7843389942375;310.43530058666664
210;11.456309;4.24116309;0.000333349699;0.04444662653333334;95.42148461636977;310.76475042666664
211;11.513608;4.24485944;0.000333948582;0.0445264776;95.33337620220827;310.8220740533333
212;11.573801;4.24568269;0.000333708827;0.04449451026666667;95.42037128972916;311.1303664
213;11.626198;4.2436712;0.000333766964;0.04450226186666666;95.35855082410133;311.28165034666665
214;11.684364;4.24074131;0.000334475813;0.04459677506666666;95.09076168984453;311.2828165866667
215;11.740416999999999;4.24583966;0.000332532245;0.04433763266666667;95.76153268985989;311.3251386933333
216;11.798611;4.2444614;0.00033459304;0.044612405333333334;95.14083287566291;311.6054214133333
217;11.853354;4.24321371;0.000333201557;0.044426874266666666;95.51006637402958;311.6294176
218;11.910279;4.24289062;0.000334545262;0.04460603493333333;95.11920587295599;311.6356284533333
219;11.968964;4.24416328;0.000333498398;0.04446645306666667;95.44640931078776;311.50895117333334
220;12.019571;4.24605834;0.000334693119;0.0446257492;95.14816929953078;311.51832432
221;12.082870999999999;4.24715922;0.000334707501;0.0446276668;95.16874899675464;311.5178185066667
222;12.134872;4.24746411;0.000334974073;0.044663209733333334;95.09984023450077;311.57320189333336
223;12.188703;4.24367692;0.000333608598;0.0444811464;95.40394669324441;311.73673928
224;12.245991;4.24738064;0.000333803645;0.04450715266666667;95.43141687383313;311.86098474666665
225;12.301946;4.24956793;0.000334334386;0.04457791813333334;95.3289904048338;311.99598245333334
226;12.360709;4.2509113;0.000334020528;0.0445360704;95.44872867813682;312.1559098133333
227;12.413629;4.24875282;0.000335230688;0.04469742506666667;95.05587432973915;312.36050248
228;12.469422;4.24564318;0.000333630561;0.0444840748;95.4418676591201;312.68149349333333
229;12.527578;4.24745479;0.000333475622;0.044463416266666674;95.52695556558552;312.8186312533333
230;12.5803;4.24570208;0.000334953044;0.04466040586666667;95.06635682343583;313.08409314666665
231;12.638444;4.24401134;0.000332949692;0.04439329226666667;95.60028381104495;313.3412717333333
232;12.693843;4.24490711;0.000333106581;0.044414210800000006;95.57542582744708;313.63129352
233;12.750252;4.24507931;0.000334130566;0.044550742133333335;95.2863882108888;313.88953733333335
234;12.800339;4.24620752;0.000333330686;0.04444409146666667;95.54042798207902;314.01488450666665
235;12.85583;4.24642914;0.000333306335;0.04444084466666667;95.55239491622622;314.1938629333333
236;12.910802;4.24639292;0.000333735162;0.0444980216;95.42880261445151;314.17277896
237;12.957407;4.2499461;0.000333561708;0.0444748944;95.55831795297078;314.22132562666667
238;13.013735;4.24969904;0.000332924531;0.04438993746666667;95.73563925813566;314.3722178666667
239;13.071394;4.25034235;0.000334645848;0.0446194464;95.25762179783567;314.65208141333335
240;13.125905;4.24929994;0.000333160523;0.04442140306666667;95.65884115868073;314.82271770666665
241;13.186722999999999;4.24796901;0.000334644453;0.044619260400000006;95.20482795810751;314.86357648
242;13.235134;4.24686128;0.000333932205;0.044524294;95.38301224944746;314.98967346666666
243;13.291887;4.24767738;0.000332590325;0.04434537666666667;95.7862509981311;315.18111989333335
244;13.345206;4.24661364;0.000333728562;0.044497141600000005;95.43565018567394;315.44707938666664
245;13.399272999999999;4.24803682;0.000334881762;0.04465090160000001;95.13888113739678;315.67216648
246;13.458343;4.24842122;0.00033330387;0.044440516000000006;95.59792735079853;315.6968805866667
247;13.508944;4.24791467;0.000334640484;0.044618731200000004;95.20473925982009;316.21908616
248;13.564641;4.24797729;0.000334740951;0.0446321268;95.1775681458227;316.32339176
249;13.622168;4.24761218;0.000333443308;0.044459107733333336;95.53975319246773;316.46039656
250;13.677652;4.2456644;0.000332810797;0.04437477293333334;95.67743380633169;316.65267701333335
251;13.731845999999999;4.24753513;0.00033479033;0.044638710666666664;95.15362488217626;316.66706418666666
252;13.787695;4.24634258;0.000334682106;0.0446242808;95.15766985761708;316.88649941333335
253;13.847178;4.24649019;0.000333637359;0.0444849812;95.45896335008455;316.9604941333333
254;13.899325;4.24877474;0.000334579682;0.04461062426666666;95.2413199735183;317.11075890666666
255;13.956059999999999;4.24708778;0.000334773909;0.0446365212;95.14827020166616;317.12653016
256;14.015426999999999;4.24610293;0.000335262046;0.044701606133333335;94.98770396157518;316.94978373333333
257;14.071297000000001;4.24888706;0.000335449171;0.04472655613333334;94.99696438361447;316.90125168
258;14.126731;4.24808858;0.000333439666;0.044458622133333334;95.55151230867656;317.0543378666667
259;14.184398999999999;4.24712418;0.000334611923;0.04461492306666667;95.1951474544438;317.37684
260;14.240715999999999;4.24762065;0.00033513465;0.04468462;95.05777715016934;317.41748994666665
261;14.299297;4.24483273;0.000334684446;0.0446245928;95.12317006509468;317.09196978666665
262;14.347341;4.246741;0.0003356149;0.04474865333333334;94.90209612266915;317.2874712
263;14.406119;4.24625942;0.000334497528;0.044599670400000006;95.20831391614948;317.5464576
264;14.458703;4.24792204;0.000335357038;0.04471427173333334;95.00148107820536;317.81603821333334
265;14.513189999999998;4.24955978;0.000336707826;0.0448943768;94.65683862661392;318.03413344
266;14.573771999999998;4.24781959;0.000334476834;0.0445969112;95.24918824422979;318.2978854666667
267;14.628336999999998;4.24856092;0.000335158599;0.0446878132;95.07202558750402;318.46020682666665
268;14.683066;4.24870451;0.000334040877;0.0445387836;95.39336655794972;318.5952872533333
269;14.739018999999999;4.2492761;0.000334004616;0.0445339488;95.41655780589572;318.77683488
270;14.795660999999999;4.24798495;0.000334933182;0.04465775760000001;95.12311361553898;318.94932456
271;14.849269;4.24641718;0.000336182797;0.044824372933333335;94.73455850270648;319.1728443733333
272;14.902422000000001;4.24622488;0.000335650087;0.044753344933333335;94.88061476355284;319.2392637066667
273;14.961725999999999;4.24575399;0.00033573253;0.044764337333333334;94.84679642154425;319.44882538666667
274;15.016331000000001;4.24321394;0.000334630383;0.0446173844;95.10225659933576;319.56527341333333
275;15.07076;4.24341663;0.000334600834;0.04461344453333333;95.11519844269127;319.7068089333333
276;15.113962999999998;4.24230668;0.000333516308;0.044468841066666674;95.39953320663408;319.73750122666667
277;15.154492000000001;4.24505714;0.00033468897;0.044625196;95.12691305602333;319.6148633066667
278;15.203893;4.24635398;0.000334334937;0.0445779916;95.25673606165785;319.85170352
279;15.259222999999999;4.24663684;0.000333679663;0.04449062173333333;95.45015723658292;319.9931933066667
280;15.314969999999999;4.24831034;0.000335073454;0.04467646053333334;95.09057542350101;320.16184496
281;15.365787999999998;4.24628644;0.000334203577;0.044560476933333336;95.29266139482404;320.34000333333336
282;15.405377999999999;4.24711779;0.000334131366;0.0445508488;95.33191632479064;320.4401606933333
283;15.464569999999998;4.24408128;0.000334438949;0.04459185986666667;95.17614409199689;320.42303290666666
284;15.520921999999999;4.24748385;0.000333917982;0.044522397600000006;95.40105832036322;320.5495296
285;15.571936;4.24901258;0.000333752467;0.04450032893333334;95.4827229786439;320.64993624
286;15.611913000000001;4.24945387;0.000334925205;0.044656694000000004;95.15827280004201;320.83856562666665
287;15.656816;4.24908102;0.000334213254;0.0445617672;95.35261474100606;320.8406397333333
288;15.710366999999998;4.24895147;0.00033375056;0.04450007466666667;95.48189529629552;320.980662
289;15.763708000000001;4.24842206;0.000334501216;0.044600162133333336;95.25575371899396;321.08205978666666
290;15.822634;4.24396517;0.000334155964;0.044554128533333334;95.2541393964167;321.1540822933333
291;15.878407;4.24508737;0.000335139233;0.04468523106666667;94.99978558165405;321.1779376266667
292;15.931175;4.24511885;0.000335582704;0.04474436053333334;94.87494735425933;321.18180264
293;15.98619;4.2454389;0.000333196813;0.04442624173333334;95.56151351903836;321.32416402666666
294;16.030006;4.24511759;0.00033353003;0.04447067066666667;95.45881648198215;321.51048450666667
295;16.086426;4.24762543;0.000333323094;0.044443079200000006;95.57450803273774;321.6176110933333
296;16.129331999999998;4.24967742;0.00033410597;0.04454746266666667;95.39662116782888;321.77584722666666
297;16.18166;4.25071978;0.000333098245;0.04441309933333333;95.70869504280937;321.8990188266667
298;16.236939;4.25014094;0.000334156957;0.04455426093333333;95.39246866555587;321.9445399466667
299;16.289614;4.2470519;0.000333871427;0.044516190266666665;95.40465782356392;321.85224229333335
300;16.348094;4.25092501;0.000334207636;0.04456101813333334;95.395598845623;321.953566
301;16.406443;4.25147288;0.000333194857;0.04442598093333334;95.69789548102177;322.16375818666666
302;16.452872;4.25101221;0.000333836053;0.044511473733333334;95.50373990013594;322.2781525066667
303;16.510354;4.25081364;0.000334020181;0.04453602413333334;95.44663500436818;322.49924837333333
304;16.566545;4.25305595;0.000334510887;0.0446014516;95.35689528992819;322.63716050666665
305;16.623994;4.2551606;0.000334552983;0.0446070644;95.39207874885396;322.80272816
306;16.675951;4.25735153;0.000334671138;0.04462281840000001;95.40749963027883;322.95541778666666
307;16.718981;4.25306746;0.000334491503;0.04459886706666667;95.36267936229159;323.0227913333333
308;16.765429;4.25138587;0.000334495827;0.0445994436;95.32374233475863;323.12872330666664
309;16.81146;4.25077821;0.000334176092;0.04455681226666667;95.40130888537651;323.20056192
310;16.868551;4.25322508;0.000335012208;0.0446682944;95.21798710093573;323.36822221333335
311;16.916946;4.25259508;0.000335301964;0.04470692853333333;95.12161133658019;323.41603072
312;16.971377;4.25444592;0.000334986838;0.04466491173333334;95.25253168305078;323.58787186666666
313;17.024452;4.25398795;0.000333475609;0.044463414533333336;95.67389267441145;323.75663770666665
314;17.081089;4.25220589;0.000334833323;0.044644443066666664;95.24602835005165;323.7126966133333
315;17.139235;4.25371939;0.000335381647;0.044717552933333335;95.12415396123329;323.83630408
316;17.191337;4.25749812;0.000333971396;0.04452951946666667;95.61069086287857;323.94869989333336
317;17.249686999999998;4.25408407;0.00033489362;0.044652482666666674;95.27094163513775;323.95680229333334
318;17.305936;4.25438986;0.000334102693;0.044547025733333336;95.50334259053697;324.07571552
319;17.360386;4.251051;0.000334218718;0.04456249573333334;95.39526299062639;324.14263976
320;17.416991;4.24920306;0.000333177611;0.04442368146666666;95.65175419305112;324.40919189333334
321;17.478312;4.25069404;0.000333163753;0.04442183373333334;95.68929696862911;324.4407535733333
322;17.528623;4.2508244;0.000334869304;0.044649240533333336;95.2048534134977;324.54992432
323;17.580406;4.25229954;0.000334239613;0.04456528173333334;95.4173153318006;324.6684892266667
324;17.63803;4.25244706;0.000333737649;0.0444983532;95.56414460749077;324.90475282666665
325;17.693146;4.2516879;0.000333693724;0.044492496533333335;95.5596613198515;325.05935981333334
326;17.745314999999998;4.25050902;0.000335246866;0.04469958213333333;95.09057617857046;325.22512648
327;17.802947;4.25257823;0.000334807662;0.044641021600000004;95.26166914603047;325.36455765333335
328;17.857032;4.25292784;0.000332812711;0.044375028133333334;95.84056661826236;325.57674154666665
329;17.913526;4.25409759;0.000334604522;0.04461393626666667;95.35355868561751;325.73478232
330;17.968412;4.25423112;0.000334515992;0.04460213226666667;95.38178790567358;325.88385586666664
331;18.022599;4.25447732;0.000333960586;0.044528078133333336;95.5459453529645;326.12806112
332;18.081938;4.25355223;0.000333651951;0.04448692680000001;95.61353269293485;326.31562370666666
333;18.134726;4.25556185;0.000335432119;0.04472428253333333;95.15103672883515;326.48776634666666
334;18.192096;4.2567773;0.000334145787;0.0445527716;95.54461253764066;326.61119562666664
335;18.248293;4.25725943;0.000335403105;0.044720414;95.1972276016944;326.71728224
336;18.304217;4.25677798;0.000334349541;0.0445799388;95.4864025071295;326.77250448
337;18.358492;4.25665567;0.000333449672;0.04445995626666667;95.74133731641517;326.80634445333334
338;18.414072;4.2596713;0.000334278301;0.04457044013333334;95.57166784211935;326.96094928
339;18.469329;4.26139622;0.000335180103;0.0446906804;95.35312915038993;327.02705453333334
340;18.525035;4.2596815;0.000334292146;0.04457228613333333;95.56793850011661;327.42878317333333
341;18.587121;4.25896023;0.000334591849;0.04461224653333334;95.46616817016363;327.68574376
342;18.638142;4.2627309;0.000334233276;0.0445644368;95.65319806756763;327.78093776000003
343;18.693433;4.2603066;0.000334407646;0.04458768613333334;95.5489501576767;327.89888677333334
344;18.750885;4.26301466;0.000334449278;0.044593237066666666;95.59778433727101;328.00416613333334
345;18.805754;4.26089809;0.000334629879;0.0446173172;95.49875154752694;328.1691636533333
346;18.862377;4.25758373;0.000335540916;0.0447387888;95.16537761075911;328.331196
347;18.916069;4.25231039;0.00033422752;0.04456366933333334;95.42101118722957;328.49048933333336
348;18.971554;4.23981142;0.000332976837;0.0443969116;95.49789089383415;328.68450053333333
349;19.026204;4.23721141;0.000333577097;0.044476946266666664;95.26758839501501;328.9491786666667
350;19.080379;4.23168097;0.000332252898;0.0443003864;95.52243928057476;328.9925016
351;19.133012;4.22287039;0.000331299209;0.044173227866666664;95.59795817381502;329.05441253333333
352;19.188775;4.22013946;0.000332180272;0.044290702933333335;95.28273837405973;329.23608186666667
353;19.244275;4.21663146;0.000330936511;0.044124868133333335;95.56133850096704;329.3385466666667
354;19.300843999999998;4.22146433;0.000330888534;0.044118471199999995;95.68473737140738;329.5849925333333
355;19.355843;4.22024502;0.000332474876;0.04432998346666667;95.2006901417718;329.78506
356;19.410796;4.2242633;0.000331367794;0.04418237253333334;95.6096981168906;329.87658933333336
357;19.465972;4.22282871;0.000333676774;0.04449023653333333;94.91585208444864;330.0530189333333
358;19.522178;4.2267593;0.00033226067;0.044301422666666666;95.40910981128161;330.2005784
359;19.579411;4.22569816;0.000331742434;0.04423232453333333;95.53416431495768;330.36687066666667
360;19.637156;4.22213847;0.000331898678;0.044253157066666673;95.40875159798014;330.5748888
361;19.698747;4.21389584;0.000331383065;0.04418440866666667;95.37065148455912;331.08413840000003
362;19.749676;4.20378367;0.000330374231;0.04404989746666667;95.43231452879265;331.2060666666667
363;19.803116;4.2057153;0.0003290112;0.04386816;95.87170512736343;331.4160722666667
364;19.859408;4.20378265;0.000330002899;0.04400038653333334;95.53967547115396;332.33058373333336
365;19.91647;4.20145955;0.000330735946;0.04409812613333333;95.27523997950922;332.8540202666667
366;19.971801;4.19360908;0.000330628216;0.044083762133333336;95.12820315371994;333.09752426666665
367;20.027907;4.19351079;0.0003293159;0.043908786666666665;95.50504826824336;333.37376373333336
368;20.08204;4.19170946;0.000330239175;0.044031890000000004;95.19712780895846;333.5215592
369;20.139869;4.18597555;0.000328344275;0.043779236666666665;95.61554446167823;333.77688853333336
370;20.197049;4.18504028;0.000329791088;0.04397214506666667;95.17480381398299;333.9768117333333
371;20.252221;4.18195503;0.000329181724;0.043890896533333335;95.28069281574089;334.1747066666667
372;20.308868;4.17898342;0.000327397548;0.0436530064;95.73185823004391;334.2940728
373;20.364223;4.17848623;0.00032968416;0.04395788800000001;95.05657391911093;334.32552346666665
374;20.419888;4.17551735;0.000328247302;0.04376630693333333;95.40483633586727;334.30563786666664
375;20.47475;4.16874263;0.000327223815;0.043629842;95.54796531236578;334.4601976
376;20.532179;4.16855277;0.000329222146;0.04389628613333334;94.96367773205633;334.5308416
377;20.590837999999998;4.16827288;0.000327712656;0.043695020800000005;95.39468808308702;334.49161226666666
378;20.643773;4.16580906;0.000326686469;0.04355819586666667;95.63777785360311;334.531316
379;20.702839;4.16518832;0.00032822527;0.04376336933333333;95.17522036008991;334.6795074666667
380;20.757831;4.16513889;0.000327017149;0.04360228653333333;95.52569879141109;334.7635509333333
381;20.81891;4.16265608;0.000328396376;0.04378618346666667;95.06779879933875;334.9406077333333
382;20.86896;4.15810972;0.000327599934;0.0436799912;95.19483877551697;335.19941493333334
383;20.924527;4.15632372;0.000326601152;0.04354682026666667;95.44494166389222;335.4240144
384;20.984353;4.15749759;0.000327635672;0.043684756266666666;95.1704426281153;335.63119306666664
385;21.035989;4.15174035;0.00032769606;0.04369280800000001;95.02113826147313;335.78056026666667
386;21.09236;4.15129202;0.000326929229;0.04359056386666667;95.23373069221655;335.8506144
387;21.150426;4.14546421;0.000326008883;0.043467851066666674;95.368510480127;335.82995573333335
388;21.203160999999998;4.14870297;0.000326431631;0.04352421746666667;95.31941552257233;335.8466368
389;21.253032;4.14473819;0.000327161032;0.04362147093333334;95.01601164101963;335.8780538666667
390;21.309447;4.1454198;0.000325968073;0.04346240973333334;95.37942846322865;335.85942693333334
391;21.365889;4.14112962;0.000326034714;0.0434712952;95.26124310186184;335.8631901333333
392;21.421039;4.13943975;0.000325530366;0.0434040488;95.36989899430766;335.9115450666667
393;21.477515;4.13586333;0.000324982067;0.043330942266666665;95.44826661158507;335.9678728
394;21.535346;4.13805925;0.000325837193;0.043444959066666664;95.24831738591612;336.12363493333334
395;21.587835;4.13271948;0.000323528368;0.043137115733333335;95.80426066378203;336.08164693333333
396;21.644613;4.13545572;0.000324470935;0.043262791333333335;95.58920246585416;336.14787493333336
397;21.70264;4.13442515;0.000325904841;0.0434539788;95.14491570562464;336.2204109333333
398;21.755913;4.1290992;0.000324819552;0.0433092736;95.3398396411802;336.2596776
399;21.811411;4.12949289;0.000324475889;0.04326345186666666;95.44991700446501;336.44156426666666
400;21.867911;4.13122204;0.000324264821;0.04323530946666667;95.5520404725001;336.5671653333333
401;21.932329;4.12846296;0.000324879578;0.043317277066666666;95.30753638198829;336.6232866666667
402;21.975922;4.12768411;0.000324033911;0.043204521466666666;95.53824391237866;336.7085936
403;22.033398;4.12422195;0.00032465271;0.043287028000000005;95.27616333465997;336.89557413333335
404;22.092056;4.12330129;0.000323089137;0.0430785516;95.71587569346225;336.9411149333333
405;22.144731;4.12041459;0.000323537945;0.04313839266666667;95.516182576359;336.99194853333336
406;22.204327;4.12006202;0.00032392079;0.04318943866666667;95.39512777182347;337.02194106666667
407;22.262095;4.12095835;0.000324024293;0.04320323906666666;95.38540255375237;337.2617421333333
408;22.319664;4.12111647;0.000325066653;0.0433422204;95.08318752400604;337.5546152
409;22.372855;4.1174186;0.000323352225;0.04311363000000001;95.50155252526866;337.3917432
410;22.427379;4.11970319;0.000323012713;0.04306836173333333;95.65497790484798;337.4136904
411;22.485729;4.11607816;0.000322901369;0.04305351586666667;95.6037637610635;337.4299514666667
412;22.536286;4.11624616;0.000324958671;0.0433278228;95.0023770869004;337.8952701333333
413;22.592427999999998;4.11303988;0.000323815704;0.0431754272;95.26344373959084;337.1982664
414;22.651422;4.11000593;0.000323177561;0.04309034146666667;95.381140880013;337.3146648
415;22.705458;4.11212798;0.000323192913;0.0430923884;95.42585437199857;337.0217770666667
416;22.761603;4.11400959;0.000322351049;0.04298013986666667;95.71885067760397;337.00556186666665
417;22.819316999999998;4.11582286;0.000323004722;0.043067296266666666;95.56724514386511;336.9910693333333
418;22.876907;4.11880529;0.000323593098;0.0431457464;95.46260370176375;337.02130666666665
419;22.929573;4.11449239;0.000323463226;0.04312843013333333;95.40093106287142;336.8989266666667
420;22.985557;4.1168862;0.000323262345;0.04310164600000001;95.51575362110299;337.10268186666667
421;23.051733;4.11431716;0.000322826468;0.04304352906666667;95.5850333188913;336.8951152
422;23.099037;4.11263592;0.000322409251;0.04298790013333333;95.66961650241232;336.7539872
423;23.152382;4.11729046;0.00032264131;0.043018841333333335;95.70900406398673;336.6854850666667
424;23.210169;4.11996269;0.000322658383;0.043021117733333336;95.76605413968123;336.74187013333335
425;23.264593;4.12079706;0.000323524719;0.0431366292;95.52895384788202;336.937112
426;23.318073;4.12357588;0.000323961011;0.04319480146666667;95.4646332425478;337.0593944
427;23.366854;4.11996883;0.00032390457;0.043187276000000004;95.39774701233762;336.80431253333336
428;23.41708;4.11327298;0.00032388841;0.04318512133333333;95.24745683243188;336.7818008
429;23.467411;4.11348623;0.000322988299;0.043065106533333335;95.51784637560509;336.8002168
430;23.520731;4.11284036;0.000323059462;0.043074594933333335;95.48181164246475;336.8577024
431;23.578651999999998;4.10937559;0.000322548805;0.04300650733333334;95.55241392073982;336.8499546666667
432;23.630739;4.10901859;0.000321920444;0.04292272586666667;95.73060673648921;336.88403013333334
433;23.685361;4.10858732;0.000322430689;0.04299075853333334;95.56908182521049;336.89475573333334
434;23.742773;4.11357493;0.000322474966;0.042996662133333335;95.67195977315028;336.96172106666666
435;23.800795;4.11616301;0.000322151909;0.04295358786666667;95.82815346594764;336.9895610666667
436;23.852726999999998;4.11777921;0.000322887987;0.043051731600000004;95.64723779890888;337.07382746666667
437;23.908541;4.11795629;0.000321699464;0.042893261866666664;96.0047361937787;337.1044664
438;23.967548;4.12095252;0.000322680323;0.04302404306666667;95.78254915779293;337.20056586666664
439;24.02185;4.12367407;0.000322616081;0.043015477466666674;95.86489126374327;337.25085893333335
440;24.074398;4.12606574;0.000324323365;0.04324311533333334;95.41555246875288;337.30815866666666
441;24.144191;4.12637438;0.000322726292;0.043030172266666666;95.89490728570698;337.3608509333333
442;24.190955;4.12627573;0.000323475888;0.04313011840000001;95.67040117376536;337.4053928
443;24.245695;4.12791181;0.000324408118;0.043254415733333336;95.43330409197712;337.45986693333333
444;24.30238;4.13310814;0.000323962457;0.04319499426666667;95.6848868756419;337.593408
445;24.360321;4.13498117;0.000324034446;0.043204592800000004;95.70698164293309;337.6535138666667
446;24.414524;4.13438741;0.000325401819;0.0433869092;95.29112550842872;337.79882373333334
447;24.468978;4.13318716;0.000323448448;0.04312645973333334;95.83877706533315;337.88251786666666
448;24.527196;4.13697926;0.000324724915;0.043296655333333336;95.54962682798762;337.97720853333334
449;24.583643;4.13836359;0.000324359556;0.043247940799999995;95.6892631983995;338.1169205333333
450;24.636879;4.14253157;0.000324136199;0.04321815986666667;95.85164159650061;338.1674845333333
451;24.696141;4.14554483;0.000324331826;0.043244243466666665;95.86350685485921;338.2899792
452;24.751575;4.1441808;0.000326088767;0.04347850226666667;95.31562919491795;338.3849565333333
453;24.805350999999998;4.14364804;0.000325372463;0.043382995066666666;95.51318514621812;338.4297168
454;24.860959;4.1476619;0.00032505422;0.04334056266666667;95.69930902604494;338.51188933333333
455;24.916862;4.15034586;0.000324678784;0.043290504533333336;95.8719678770264;338.656204
456;24.964475;4.14700048;0.000325982071;0.043464276133333334;95.41170011156841;338.72915946666666
457;25.00453;4.14779166;0.000324909839;0.04332131186666667;95.74483046048968;338.8975768
458;25.047765;4.14947981;0.00032597634;0.043463512;95.47042148825892;339.0060405333333
459;25.090569;4.15060377;0.000324861545;0.04331487266666667;95.82398641550509;339.1224229333333
460;25.131932;4.15685936;0.000325842288;0.0434456384;95.6795552577264;339.33620559999997
461;25.183601;4.15948424;0.000326738462;0.04356512826666667;95.4773784789377;339.4615928
462;25.221595;4.15936389;0.000327576158;0.04367682106666667;95.23046294168941;339.57664239999997
463;25.265298;4.15799935;0.000325861881;0.0434482508;95.70004024189623;339.67525306666664
464;25.305539;4.15964435;0.000325615781;0.043415437466666665;95.81025996095687;339.7979096
465;25.351143999999998;4.16268912;0.000325570171;0.043409356133333334;95.89382314757576;339.8704728
466;25.402014;4.16494732;0.000326361197;0.04351482626666667;95.71329308490064;339.9520234666667
467;25.450440999999998;4.16477914;0.000326534375;0.04353791666666666;95.65866855518658;340.048732
468;25.501291;4.16794652;0.000327080639;0.043610751866666665;95.57153549525749;340.18834933333335
469;25.548244;4.16678341;0.000326820581;0.04357607746666666;95.62089229319375;340.24396106666666
470;25.599052;4.16907509;0.000327164721;0.043621962800000004;95.57284501650163;340.3632330666667
471;25.646327;4.16897168;0.000328508465;0.04380112866666667;95.17954917843593;340.4368128
472;25.69828;4.17229496;0.000327780361;0.04370404813333333;95.4670136567456;340.5591538666667
473;25.744403;4.17394472;0.000325904036;0.04345387146666667;96.05461099598041;340.6644330666667
474;25.781544;4.17413209;0.000325568824;0.04340917653333334;96.15782706208994;340.73849786666665
475;25.824283;4.17686363;0.000327016281;0.0436021708;95.79485501212706;340.8594826666667
476;25.86366;4.17663117;0.000326503904;0.043533853866666666;95.9398444895777;340.93749306666666
477;25.910241;4.17914757;0.000326991498;0.043598866400000005;95.85450070325679;341.0110701333333
478;25.959297;4.18204694;0.000327210794;0.04362810586666667;95.85671568646357;341.11179706666667
479;26.000353999999998;4.17967196;0.0003264477;0.04352636000000001;96.02622318980957;341.26599253333336
480;26.04784;4.1836939;0.000328191204;0.043758827199999996;95.60799883594687;341.3644786666667
481;26.107404;4.18377904;0.000328291667;0.043772222266666674;95.5806861829362;341.4834610666667
482;26.157503;4.18262819;0.000326989351;0.04359858013333333;95.93496341414496;341.5631008
483;26.212618;4.18474188;0.00032809467;0.043745956;95.66008524307938;341.703752
484;26.263595;4.18529766;0.000327945985;0.04372613133333334;95.71616633757536;341.8461498666667
485;26.321496;4.18485762;0.00032853766;0.04380502133333334;95.5337423113076;342.00065786666664
486;26.378411;4.18745657;0.000328321566;0.0437762088;95.65598951547399;342.11984986666664
487;26.434549999999998;4.19040048;0.000327032963;0.04360439506666667;96.10041541898025;342.22132346666666
488;26.489166;4.18976272;0.000328047605;0.04373968066666667;95.78859873096772;342.33604426666665
489;26.544619;4.18904327;0.000328527207;0.0438036276;95.63233685239348;342.5118088
490;26.601242;4.19068253;0.000329062484;0.04387499786666667;95.51413638207387;342.5912736
491;26.654613;4.19181919;0.000330336949;0.044044926533333334;95.17144243225424;342.69308986666664
492;26.713269;4.19514662;0.00032923396;0.043897861333333336;95.5660820955408;342.6960344
493;26.769795;4.1957994;0.000328427978;0.04379039706666667;95.81551392677028;342.7968072
494;26.825537999999998;4.19401363;0.000328633707;0.0438178276;95.71477774493776;342.8232664
495;26.88335;4.1951708;0.000328544755;0.04380596733333334;95.76710789371752;342.96567066666665
496;26.939117;4.1977381;0.000329343356;0.04391244746666667;95.59335318730399;342.9805792
497;26.995834;4.1975342;0.000329339877;0.0439119836;95.58971961357719;343.16782613333334
498;27.048264;4.19676446;0.000329630509;0.043950734533333334;95.48792539103229;343.27568506666665
499;27.105470999999998;4.19460527;0.000329433157;0.04392442093333333;95.4959719643521;343.3287554666667
500;27.161044;4.19714111;0.0003292;0.04389333333333333;95.62138008809234;343.3983024
501;27.222115;4.19745715;0.000328413148;0.043788419733333334;95.85769880626094;343.56801333333334
502;27.273833;4.19976844;0.000328928488;0.04385713173333333;95.76021673136441;343.7784901333333
503;27.328316;4.19732715;0.000328043906;0.04373918746666667;95.96262283561516;343.93340506666664
504;27.384411;4.20009008;0.000327661538;0.043688205066666666;96.13784941704083;344.13655413333333
505;27.440611;4.19965168;0.000328474269;0.0437965692;95.88996939057043;344.1754802666667
506;27.495548;4.20035052;0.000329068932;0.0438758576;95.7326135546579;344.2297650666667
507;27.553062999999998;4.19851406;0.000328014597;0.0437352796;95.99833586064463;344.2945984
508;27.606957;4.20203975;0.00032863717;0.04381828933333333;95.89693741885618;344.45344346666667
509;27.665848999999998;4.20265457;0.000328778452;0.04383712693333333;95.86975388216744;344.5616504
510;27.721934;4.20319771;0.000329292873;0.0439057164;95.73235684636272;344.676568
511;27.777936999999998;4.20184988;0.000329906404;0.04398752053333333;95.52368101347922;344.9001962666667
512;27.83336;4.20430057;0.000329079029;0.04387720386666667;95.81970133684817;344.97535653333335
513;27.886995;4.20441129;0.000329412181;0.04392162413333334;95.72531464766932;344.9959648
514;27.942270999999998;4.20374397;0.000329579137;0.04394388493333333;95.66163702588977;345.0278562666667
515;27.998553;4.20735517;0.000328509785;0.043801304666666666;96.05547601877367;345.0539002666667
516;28.054237999999998;4.20600833;0.000329253668;0.043900489066666666;95.80777844212203;345.1531093333333
517;28.110209;4.20951333;0.000330779146;0.04410388613333334;95.44540626814484;345.1334098666667
518;28.164914;4.21214822;0.000329675546;0.04395673946666667;95.82485578108363;345.24403333333333
519;28.221787;4.21284443;0.000330563208;0.0440750944;95.5833331124981;345.2718432
520;28.277399;4.21223183;0.00032928009;0.043904012000000006;95.94184308258662;345.3012136
521;28.342216;4.21281691;0.000329706088;0.043960811733333334;95.83119018718271;345.3397544
522;28.390366;4.21340703;0.000329984318;0.04399790906666667;95.76380149374249;345.53015466666665
523;28.445725;4.21321196;0.000330343493;0.04404579906666667;95.65525088154226;345.561664
524;28.502102999999998;4.21703402;0.000329994574;0.04399927653333333;95.84325816823885;345.7182456
525;28.5582;4.21751165;0.000330239861;0.04403198146666667;95.7829175412595;345.8395288
526;28.613152;4.21769536;0.000329016421;0.043868856133333335;96.14327182776083;346.022908
527;28.668307;4.21706818;0.00032924187;0.043898916;96.06315062540496;346.5095685333333
528;28.721841;4.21718402;0.000329611055;0.04394814066666667;95.95818972151889;346.9594861333333
529;28.778373;4.2156692;0.000329766693;0.0439688924;95.8784488280628;347.00144773333335
530;28.833802;4.21765061;0.000330200249;0.044026699866666665;95.7975642683419;347.0391909333333
531;28.888942;4.21596486;0.000330469618;0.04406261573333333;95.68122068637487;347.28655653333334
532;28.945507;4.21631943;0.000331919942;0.04425599226666667;95.27115344277809;347.3610973333333
533;29.000877;4.217179;0.000330291432;0.0440388576;95.76040864420605;347.3954578666667
534;29.057337999999998;4.21751425;0.000329965802;0.043995440266666665;95.86253085403075;347.30544613333336
535;29.114199;4.21314763;0.000330481937;0.04406425826666666;95.6137195026184;347.48854106666664
536;29.168744;4.21635051;0.000329681718;0.043957562400000004;95.91866063073596;347.56086346666666
537;29.223702;4.21731121;0.000331202672;0.044160356266666666;95.4999362897652;347.6891013333333
538;29.280098;4.21929849;0.000329882823;0.043984376400000004;95.92720950796519;347.6363581333333
539;29.336334;4.21922214;0.000331152208;0.04415362773333334;95.55776855940516;347.7265776
540;29.391213999999998;4.22054366;0.000330423749;0.04405649986666667;95.79843321128833;347.6657714666667
541;29.452942;4.22286211;0.000330449665;0.04405995533333334;95.84354042241199;347.6786133333333
542;29.50599;4.21959844;0.0003311238;0.04414984;95.57448996417655;347.8270408
543;29.558644;4.21871747;0.000331738383;0.0442317844;95.37751025029864;348.00414026666664
544;29.615831;4.22035011;0.000330769125;0.044102550000000004;95.69401565215615;347.8617402666667
545;29.671897;4.21945017;0.000331471053;0.04419614040000001;95.47101017897933;348.10427466666664
546;29.728259;4.21922336;0.000330490598;0.04406541306666667;95.74909359448706;348.2893896
547;29.783678;4.22178833;0.000330837309;0.0441116412;95.70689766129126;348.3971432
548;29.840073;4.22152218;0.0003314004;0.044186720000000006;95.53825629057779;348.5219584
549;29.897401;4.22236514;0.000331681206;0.0442241608;95.476433325559;348.5944448
550;29.952206;4.22001295;0.000331469202;0.0441958936;95.4842770731985;348.88017733333334
551;30.008651999999998;4.22187939;0.000330908893;0.04412118573333333;95.68825768910357;348.8855136
552;30.066405000000003;4.22371947;0.000330872794;0.04411637253333333;95.74040718802647;349.00879573333333
553;30.119836;4.22468269;0.000331201708;0.044160227733333335;95.66714002271992;349.18375173333334
554;30.176493;4.22814234;0.000331099567;0.04414660893333334;95.77501969369834;349.59690133333334
555;30.231627000000003;4.22823264;0.000331367079;0.0441822772;95.69974451203706;349.7404573333333
556;30.289029;4.22749883;0.000332079125;0.04427721666666667;95.47797147743026;350.1315954666667
557;30.343417000000002;4.23116023;0.000331976765;0.04426356866666666;95.59012880012854;349.99114933333334
558;30.398674999999997;4.23088276;0.000332260739;0.044301431866666664;95.50216735056381;351.0869093333333
559;30.457752;4.23181101;0.000332196951;0.0442929268;95.54146261565177;350.0048936
560;30.512022;4.22914679;0.000331209388;0.04416125173333333;95.76600807281466;350.498752
561;30.577288000000003;4.23351208;0.000331877448;0.044250326400000005;95.67188367677214;350.65390533333334
562;30.629578000000002;4.23319141;0.000332271962;0.044302928266666666;95.5510521679226;351.10150666666664
563;30.680934;4.23314558;0.000331499165;0.04419988866666667;95.77276567197386;351.3072776
564;30.73749;4.23093379;0.000332950022;0.044393336266666666;95.30560543107578;351.38050053333336
565;30.792374000000002;4.23076951;0.000332721791;0.044362905466666665;95.36727735695557;352.04998186666666
566;30.850603999999997;4.23278319;0.000332176884;0.0442902512;95.56918453422546;352.17693653333333
567;30.903519000000003;4.23021095;0.000332765885;0.04436878466666667;95.34205143955788;352.7195309333333
568;30.958751999999997;4.23254673;0.000330752936;0.04410039146666667;95.97526437376808;352.3837421333333
569;31.01419;4.23323881;0.000332137385;0.04428498466666667;95.59083833637094;352.2976752
570;31.067690999999996;4.23430139;0.000332115045;0.044282006;95.621264086365;352.42313333333334
571;31.124222000000003;4.23517582;0.000331983079;0.04426441053333333;95.67902902063271;352.69645173333333
572;31.180428;4.23763328;0.000330619651;0.04408262013333333;96.12934229369203;352.6658053333333
573;31.236863;4.23713751;0.00033404192;0.04453892266666667;95.13336327668097;352.5003
574;31.280409999999996;4.23818167;0.000332109701;0.04428129346666667;95.71043070795454;352.8001778666667
575;31.330720999999997;4.23789399;0.000332263655;0.044301820666666665;95.65958974658243;352.7208437333333
576;31.388685000000002;4.23865923;0.000332755718;0.04436742906666667;95.53538077743865;353.0708792
577;31.441919999999996;4.23760825;0.000333637115;0.04448494866666667;95.25937147310484;353.17951973333334
578;31.496426;4.23819955;0.000332117196;0.044282292800000005;95.70867455173865;353.5371293333333
579;31.553206000000003;4.23883709;0.000333470437;0.04446272493333333;95.33462234614818;353.9871530666667
580;31.605472999999996;4.2414259;0.000332105492;0.04428073226666667;95.78490876025622;353.6937834666667
581;31.670059000000002;4.24177764;0.000333192195;0.044425626;95.48042474404298;353.03964426666664
582;31.719941;4.24216368;0.000332123395;0.044283119333333336;95.79640603155944;353.2846181333333
583;31.778246000000003;4.23921471;0.000332183489;0.044291131866666666;95.71249438288608;353.5136549333333
584;31.831055999999997;4.23886052;0.000331575235;0.04421003133333334;95.88006142859251;353.8654962666667
585;31.887732999999997;4.23867923;0.00033236419;0.04431522533333333;95.64837362593124;354.8949578666667
586;31.940964;4.24114354;0.000332576014;0.04434346853333333;95.64302658940402;355.66489013333336
587;31.992953999999997;4.2422666;0.00033133025;0.04417736666666667;96.02805509004988;356.06282373333335
588;32.049038;4.24219537;0.000334031268;0.044537502400000005;95.24996107550027;356.18506026666665
589;32.107185;4.24119908;0.000332086993;0.044278265733333336;95.78512188220513;356.2896376
590;32.162031999999996;4.24542738;0.000332770788;0.0443694384;95.68359512975039;357.0457626666667
591;32.19624;4.2450007;0.000332783892;0.0443711856;95.67021125529718;357.5205370666667
592;32.253912;4.24568784;0.000333012415;0.04440165533333334;95.6200350668608;357.7775309333333
593;32.311809;4.24313058;0.000333397191;0.0444529588;95.45215199488588;357.87042133333335
594;32.363705;4.24347471;0.00033315566;0.044420754666666666;95.52909989582648;358.4942938666667
595;32.419323;4.24632659;0.000332465187;0.044328691600000004;95.7918322588163;358.45003866666667
596;32.477875;4.24651359;0.000332372035;0.04431627133333334;95.82289895417946;358.7667421333333
597;32.530768;4.24415009;0.000332907277;0.044387636933333335;95.61558990793702;358.8131952
598;32.586219;4.2457567;0.0003325391;0.044338546666666666;95.757687592226;359.0537896
599;32.644142;4.24803031;0.000333239926;0.044431990133333335;95.60747329238093;359.06651466666665
600;32.702488;4.24712897;0.000331719387;0.0442292516;96.02534106636344;359.54109093333335
601;32.763113;4.24969857;0.00033463262;0.044617682666666665;95.24695851528162;359.04023440000003
602;32.812704;4.2497413;0.000333392123;0.04445228306666667;95.60231796478287;358.96072373333334
603;32.872505;4.24856294;0.000332183448;0.0442911264;95.9235694669531;359.21270266666664
604;32.922366;4.24978345;0.000332701469;0.04436019586666667;95.8017287113331;358.7076528
605;32.974491;4.25145526;0.000332906202;0.0443874936;95.78047587710607;359.3183744
606;33.031437;4.25126583;0.000333290168;0.04443868906666667;95.66586952243968;359.14610746666665
607;33.087126;4.24987037;0.00033371539;0.04449538533333334;95.51260963721211;359.0735181333333
608;33.14081;4.24885668;0.000334037249;0.04453829986666667;95.3978192414104;359.4001818666667
609;33.197078;4.24728992;0.000334457108;0.044594281066666665;95.24292842955516;359.0822856
610;33.255342;4.24565566;0.000333547344;0.0444729792;95.46596014867383;359.2283386666667
611;33.307228;4.24908587;0.000334092624;0.044545683200000005;95.38715235149877;358.76744586666666
612;33.3627;4.25154465;0.000333829369;0.044510582533333336;95.51761419469356;358.6286629333333
613;33.422073;4.25442021;0.000332463595;0.04432847933333334;95.97487380535604;357.7909917333333
614;33.477032;4.25241987;0.000332579049;0.0443438732;95.89644663696178;358.39439626666666
615;33.530913;4.25335996;0.000332303423;0.04430712306666667;95.99720463908673;359.10504426666665
616;33.587924;4.24898727;0.000332801065;0.044373475333333336;95.7551158227213;358.60191626666665
617;33.645667;4.24963718;0.00033459013;0.04461201733333333;95.25767795362044;358.70318826666664
618;33.696414;4.25414196;0.000333501472;0.04446686293333334;95.66993665323312;359.33746933333333
619;33.751732;4.25496763;0.000334046845;0.044539579333333336;95.53228148285609;359.32771333333335
620;33.811094;4.25396231;0.000335194459;0.04469259453333333;95.18271101551832;359.2620237333333
621;33.871621;4.25543478;0.000334225609;0.04456341453333334;95.49166787515674;359.5301288
622;33.919246;4.2550778;0.00033500957;0.04466794266666667;95.26021450670795;358.85494373333336
623;33.976122;4.25474553;0.000334281419;0.04457085586666667;95.4602609096858;358.7767928
624;34.031072;4.2561685;0.000335102474;0.04468032986666667;95.25821570031142;359.6706112
625;34.082321;4.2544285;0.000334022143;0.04453628573333333;95.5272409889305;359.1425845333333
626;34.139137;4.25281587;0.000334082569;0.04454434253333333;95.47376003625021;359.7490456
627;34.191998;4.25389037;0.000334950353;0.04466004706666667;95.2504676864753;359.57389946666666
628;34.241164;4.25540003;0.00033479215;0.044638953333333335;95.32929677413283;359.7562258666667
629;34.290313;4.25493605;0.00033339224;0.044452298666666674;95.71914563758291;360.23534026666664
630;34.341176;4.25480349;0.000333973201;0.04452976013333334;95.54966110888638;359.9915354666667
631;34.39174;4.25403983;0.000333545387;0.04447271826666667;95.65504416644802;360.8164856
632;34.43887;4.25340706;0.000333787005;0.044504933999999996;95.57158448993543;360.31840186666665
633;34.491366;4.25440377;0.00033442953;0.044590604000000006;95.4103194027154;360.02892826666664
634;34.542519999999996;4.25309361;0.000334343249;0.044579099866666666;95.405551541434;360.1342072
635;34.590731;4.25438795;0.000334349172;0.044579889600000006;95.43289559873651;360.2358656
636;34.640897;4.25245343;0.000335225505;0.044696734;95.14013775592642;359.614636
637;34.694415;4.2520761;0.000333954446;0.04452725946666666;95.49377507014835;360.26347093333334
638;34.744217;4.25197213;0.000333844655;0.04451262066666667;95.52284422525801;359.969476
639;34.791636;4.25350617;0.000333074308;0.04440990773333334;95.77831585557176;360.9294128
640;34.844017;4.25492293;0.000334256282;0.04456750426666667;95.47142026488525;360.6706552
641;34.903529;4.25439111;0.000333466527;0.0444622036;95.68556584091573;360.6448554666667
642;34.946221;4.25283871;0.000333488038;0.04446507173333333;95.64448103233016;361.62932213333335
643;34.998196;4.25154558;0.000333080862;0.044410781600000004;95.73228452254935;361.1377936
644;35.04894;4.25357259;0.000333263628;0.044435150400000005;95.725400987953;361.40897866666666
645;35.096956;4.25259189;0.000333990733;0.04453209773333333;95.4949824161738;362.3192613333333
646;35.145275;4.25564312;0.000333893973;0.0445191964;95.59119355532661;362.6535634666667
647;35.198354;4.25453403;0.000335401496;0.044720199466666666;95.1367409076792;363.2226042666667
648;35.248432;4.25490993;0.000333386626;0.04445155013333334;95.72016987568061;363.0534328
649;35.296366;4.25679809;0.000334112852;0.04454838026666667;95.55449748158743;362.76999946666666
650;35.348313;4.25610576;0.000333802695;0.044507026000000005;95.62772763113848;362.0388658666667
651;35.397721;4.25528605;0.000334341596;0.044578879466666665;95.45520436828924;361.61302853333336
652;35.446433;4.25566687;0.000334302146;0.044573619466666665;95.47501237099446;362.4534021333333
653;35.496671;4.25781101;0.000335165378;0.04468871706666667;95.27709205990841;362.1413042666667
654;35.546847;4.25851706;0.000333867507;0.0445156676;95.66333135257753;361.64564613333334
655;35.597043;4.25814938;0.000333963241;0.04452843213333334;95.62765127794408;361.8323986666667
656;35.643736;4.26085496;0.000335500957;0.04473346093333334;95.24983918302205;362.3397245333333
657;35.694348;4.26030615;0.00033416459;0.04455527866666667;95.61843798291135;362.16263546666664
658;35.744298;4.26054476;0.0003346847;0.04462462666666667;95.4751911276494;361.4542037333333
659;35.792702;4.25769812;0.000333650617;0.044486748933333334;95.70710879278847;361.93247013333337
660;35.844125;4.26139847;0.00033356145;0.044474860000000005;95.815893967963;362.07460933333334
661;35.903511;4.2597706;0.000333070798;0.044409439733333333;95.92038597151348;359.5488266666667
662;35.948075;4.25959153;0.000334442015;0.04459226866666667;95.5230953114548;359.54573146666667
663;35.996597;4.26229833;0.00033450342;0.044600456000000004;95.56625004013411;359.91522426666666
664;36.049107;4.26221546;0.000334208586;0.0445611448;95.64869751730436;359.5195053333333
665;36.099723;4.26614276;0.000334519548;0.0446026064;95.64783550407046;360.1416584
666;36.147328;4.26613756;0.000334784107;0.04463788093333333;95.57213449203549;360.84717866666665
667;36.199512;4.26539517;0.000333882988;0.04451773173333333;95.81339848018851;367.73961173333333
668;36.249102;4.26628251;0.000335135111;0.04468468146666667;95.47528078906659;357.9736074666667
669;36.299373;4.26236034;0.000333494595;0.044465946;95.85673360013526;356.8189837333333
670;36.348698;4.26634405;0.000334058906;0.04454118746666667;95.78424583297893;356.34786933333334
671;36.392946;4.26758241;0.000333740748;0.0444987664;95.90338688579915;356.14328586666664
672;36.434455;4.27174099;0.000333806014;0.04450746853333334;95.97807133876262;356.07330053333334
673;36.481855;4.26965257;0.000332893783;0.04438583773333333;96.1940291777693;356.24375066666664
674;36.53334;4.26993733;0.000333702348;0.044493646399999996;95.96734984615692;356.30515226666665
675;36.58392;4.26791709;0.000333915066;0.044522008800000006;95.86083838157813;356.4253013333333
676;36.63291;4.26736945;0.00033348595;0.044464793333333336;95.97187190344901;356.58999386666665
677;36.683158;4.26835887;0.000333874152;0.0445165536;95.88250942229274;356.71455733333335
678;36.73273;4.26893217;0.000333746191;0.04449949213333333;95.93215484817324;356.8288976
679;36.781909;4.26846276;0.00033497519;0.04466335866666667;95.56967696622547;356.9453456
680;36.831652;4.26792204;0.000333838239;0.044511765200000004;95.8830102743263;357.0550485333333
681;36.890406;4.27016735;0.000334107455;0.04454766066666667;95.8561524016278;357.05993946666666
682;36.93462;4.2677382;0.000333978856;0.04453051413333334;95.83851170506433;356.99798933333335
683;36.983103;4.27053011;0.000334377195;0.044583626;95.78696246016419;356.8959696
684;37.034765;4.26877927;0.000333836709;0.0445115612;95.90270830581426;356.8006992
685;37.082078;4.26990638;0.000333735579;0.0444980772;95.95709856874446;356.6494629333333
686;37.129356;4.2680396;0.000334133897;0.04455118626666667;95.80080706388193;356.5893272
687;37.169796;4.26477662;0.000333248377;0.04443311693333333;95.98193677024271;356.2513717333333