;Time;V_sa;V_sh;I;R_sa;T
0;0.00044200000000005346;4.0618609;0.000327548995;0.043673199333333336;93.00580131531161;296.726985
1;0.0014289999999999026;4.07355918;0.000326636406;0.0435515208;93.53425793571829;297.2511475
2;0.004437999999999942;4.07972518;0.00032631308;0.04350841066666667;93.7686557032896;297.53234
3;0.05901700000000032;4.07895847;0.000325622306;0.043416307466666665;93.94991670195961;297.58535
4;0.11514700000000033;4.07928448;0.000327001208;0.043600161066666664;93.56122500929722;297.6447525
5;0.17195300000000024;4.07844262;0.000327810564;0.0437080752;93.31096373697096;297.704075
6;0.227468;4.08199599;0.00032613903;0.043485204000000006;93.87091733546886;297.773195
7;0.28537500000000016;4.08374571;0.000326121301;0.04348284013333334;93.91625978150992;297.81832
8;0.33813800000000027;4.08200785;0.000325156052;0.04335414026666667;94.15497170263342;297.8788175
9;0.3965930000000002;4.08373232;0.000327842869;0.04371238253333334;93.42278053331701;297.934935
10;0.45629200000000036;4.08389282;0.000326400286;0.043520038133333334;93.83936676452544;297.991365
11;0.5112780000000003;4.0818421;0.00032683212;0.043577616;93.66832045149052;298.04116
12;0.5693980000000001;4.08360146;0.000326231196;0.0434974928;93.88130664855238;298.1032925
13;0.6291130000000003;4.08700609;0.000327392214;0.043652295199999996;93.62637339628365;298.15881
14;0.6849540000000003;4.0914168;0.00032818596;0.043758128;93.50072745342305;298.2076675
15;0.7407349999999999;4.08930212;0.000326884325;0.043584576666666666;93.82452309391098;298.2591
16;0.795655;4.09168917;0.000326990714;0.04359876186666667;93.84874695554811;298.31491
17;0.8514200000000001;4.09139901;0.000327146529;0.0436195372;93.79739613560136;298.36819
18;0.9034139999999997;4.09260787;0.000326902015;0.04358693533333333;93.89528854693661;298.395515
19;0.940359;4.09174214;0.000326792973;0.043572396400000005;93.90675010016203;298.407205
20;0.9779530000000003;4.09201249;0.000327057956;0.04360772746666667;93.83686625559416;298.3622075
21;1.0261000000000005;4.09672595;0.000327279842;0.043637312266666665;93.88126209435165;298.290735
22;1.0760389999999997;4.09752373;0.000329112444;0.043881659200000006;93.37668184615953;298.1959975
23;1.1346509999999999;4.09745379;0.000328195895;0.043759452666666664;93.63585557643859;298.0787875
24;1.1736170000000001;4.10025255;0.000328971123;0.043862816400000004;93.47900765441956;297.964905
25;1.224209;4.10009446;0.000330263055;0.044035074;93.10974383737836;297.85241
26;1.264824;4.10260867;0.00032934973;0.04391329733333334;93.42520191226512;297.72716
27;1.2989820000000005;4.10287522;0.000329138579;0.04388514386666667;93.4912104302425;297.6060525
28;1.332528;4.10458133;0.000329086621;0.043878216133333335;93.54485418293562;297.4784725
29;1.3817240000000002;4.10808788;0.000329813797;0.043975172933333334;93.41834507911749;297.3491225
30;1.431718;4.10940327;0.000329108708;0.04388116106666667;93.64846257729528;297.21108
31;1.468883;4.10853418;0.000329717032;0.04396227093333334;93.45591328142247;297.0773525
32;1.5127820000000005;4.11008393;0.000330006056;0.04400080746666667;93.40928420719649;296.87004
33;1.5586450000000003;4.11039444;0.000329020404;0.0438693872;93.69619003932657;296.6226225
34;1.6062510000000003;4.11099342;0.000328381558;0.04378420773333333;93.89215045383274;296.155935
35;1.663907;4.11263743;0.000327833063;0.04371107506666667;94.08685152967625;295.8021825
36;1.7176860000000005;4.11376971;0.000329179421;0.04389058946666667;93.7278300425712;295.43422
37;1.7755609999999997;4.11304299;0.000330164848;0.044021979733333334;93.43157701936822;295.048945
38;1.8305560000000005;4.11553732;0.000329114089;0.043881878533333335;93.78671692174198;294.6638225
39;1.8826540000000005;4.11241811;0.00033020496;0.044027328000000004;93.40603431577769;294.3014475
40;1.936267;4.11212634;0.000329958833;0.04399451106666667;93.46907694391074;293.90316
41;1.9970870000000005;4.11356217;0.000330888661;0.044118488133333335;93.23896497922;293.5180925
42;2.0482690000000003;4.11429542;0.000330312978;0.044041730400000006;93.41811465246151;293.1253975
43;2.1078910000000004;4.11276111;0.000330437649;0.044058353200000004;93.34804438401024;292.71944
44;2.152818;4.11085091;0.000329829559;0.04397727453333333;93.47670936006072;292.3037925
45;2.196562;4.11292277;0.00033120247;0.04416032933333334;93.1361435046061;291.905185
46;2.247002;4.1113516;0.000330815987;0.044108798266666666;93.20933150670254;291.4998325
47;2.297097;4.11357852;0.000328541389;0.04380551853333333;93.9054862886697;291.0650075
48;2.346604;4.11446341;0.000331097049;0.0441462732;93.20069649729798;290.6602025
49;2.400359;4.11535252;0.000330354873;0.0440473164;93.43026673016566;290.2493125
50;2.4480140000000006;4.11734605;0.000331156507;0.04415420093333334;93.24924838333312;289.8242375
51;2.494604;4.11140539;0.00033007356;0.044009808;93.42020737741005;289.427735
52;2.5427999999999997;4.11334253;0.000330424685;0.04405662466666667;93.36490394172577;289.0222875
53;2.593616;4.11439253;0.000329606437;0.043947524933333336;93.62057445194857;288.613495
54;2.6413349999999998;4.1176288;0.000329902826;0.04398704346666667;93.61003776305937;288.2173425
55;2.693557;4.11309396;0.000330806984;0.04410759786666667;93.25137071471259;287.833335
56;2.7426440000000003;4.11693411;0.000332520308;0.04433604106666667;92.85750398438822;287.4267425
57;2.7917500000000004;4.11675562;0.000330711468;0.044094862400000004;93.36134406442778;287.0404275
58;2.83992;4.11806052;0.000330566923;0.04407558973333334;93.43177357161049;286.65891
59;2.884831;4.11660628;0.000330360718;0.044048095733333334;93.45707712137857;286.255265
60;2.924907;4.11925465;0.000329488773;0.0439318364;93.7646815510767;285.892295
61;2.9704620000000004;4.11934004;0.000330494557;0.04406594093333334;93.48126813477293;285.521885
62;3.019686;4.1160902;0.000330053992;0.04400719893333334;93.53220154355836;285.13693
63;3.0701090000000004;4.11620929;0.000330834346;0.04411124613333333;93.31428265613026;284.7923575
64;3.1051960000000003;4.11669996;0.00033132961;0.04417728133333333;93.185905419078;284.440395
65;3.155062;4.11717753;0.00033074035;0.04409871333333334;93.3627586564506;284.0669675
66;3.202923;4.1184862;0.000331560972;0.04420812960000001;93.16128588258572;283.72415
67;3.2579279999999997;4.1185484;0.000330937892;0.04412505226666667;93.33809680518542;283.4050275
68;3.3009640000000005;4.11955129;0.000329352392;0.043913652266666665;93.81026349126988;283.040245
69;3.3372780000000004;4.1214579;0.000330038871;0.0440051828;93.6584656114643;282.71257
70;3.3784520000000002;4.1211867;0.000331223459;0.04416312786666667;93.31736448655346;282.393325
71;3.421386;4.1220436;0.000331690688;0.04422542506666667;93.20529070746778;282.045205
72;3.4648460000000005;4.11954483;0.000331759916;0.04423465546666667;93.12935268828558;281.7161
73;3.503235;4.11775168;0.000331252875;0.04416705;93.2313043320756;281.4046175
74;3.5452960000000004;4.11872003;0.000331404874;0.04418731653333334;93.21045841045778;281.0730025
75;3.582871;4.12170959;0.000331561702;0.04420822693333333;93.23399457335395;280.7540725
76;3.613646;4.12149032;0.000330633898;0.044084519733333334;93.49064807625987;280.456475
77;3.6587769999999997;4.12052332;0.000330399517;0.044053268933333334;93.53501839410983;280.1484825
78;3.7054220000000004;4.12054018;0.000330118383;0.0440157844;93.61505732929753;279.8398925
79;3.7602260000000003;4.1158848;0.000331321973;0.044176263066666666;93.169600918681;279.55796
80;3.8087429999999998;4.11587758;0.000331038948;0.044138526399999996;93.2490936081636;279.25844
81;3.857673;4.11770278;0.000330871735;0.04411623133333333;93.33759152923716;278.9740925
82;3.9017749999999998;4.11943649;0.00033185456;0.04424727466666667;93.1003439428405;278.6977
83;3.961334;4.1207708;0.000332320127;0.04430935026666667;93.00002765104864;278.42688250000003
84;4.004414000000001;4.12293845;0.000330117434;0.04401565786666667;93.66981319441615;278.14466749999997
85;4.050118;4.12118744;0.000330132686;0.04401769146666667;93.62570599870865;277.89141
86;4.09558;4.1214691;0.000329327661;0.0439103548;93.86098378781489;277.64218
87;4.1389700000000005;4.12165893;0.0003298831;0.04398441333333333;93.70726167845518;277.32817
88;4.180948;4.12072174;0.000329342651;0.043912353466666665;93.83969235736794;277.01775
89;4.22184;4.12193028;0.000329768118;0.0439690824;93.74610646866718;276.5318
90;4.259533;4.12308488;0.000329042472;0.0438723296;93.97916448913622;276.04418
91;4.291101;4.12150896;0.000330377234;0.04405029786666667;93.56370239482057;275.5941375
92;4.344536;4.12366903;0.000329835364;0.043978048533333335;93.76653051975349;275.18529
93;4.4033880000000005;4.12131649;0.000330019313;0.044002575066666674;93.66080243612892;274.7843725
94;4.459185;4.1216953;0.000330326766;0.0440435688;93.58222805959356;274.392965
95;4.509877;4.12228722;0.000331237099;0.04416494653333333;93.33844017876753;273.999995
96;4.56341;4.12181349;0.000329947329;0.043992977200000005;93.69253349827844;273.516785
97;4.605989999999999;4.1235782;0.000330241874;0.044032249866666665;93.64904615336576;273.0903325
98;4.642982000000001;4.12458906;0.000331420581;0.044189410799999995;93.33885619493257;272.64490175000003
99;4.694252;4.12155261;0.000330027876;0.0440037168;93.66373819586076;272.1756375
100;4.730072000000001;4.12602514;0.000330733876;0.04409785013333334;93.56522205786987;271.7386335
101;4.768835999999999;4.12322053;0.000330967084;0.04412894453333333;93.43573868814097;271.32691324999996
102;4.824940000000001;4.12384564;0.000332103036;0.0442804048;93.1302606339317;270.86557600000003
103;4.877068;4.12395545;0.000330322821;0.0440430428;93.63466254425093;270.46051925
104;4.9090739999999995;4.12389556;0.000330804241;0.044107232133333334;93.4970380261842;270.05071125
105;4.94583;4.12644709;0.000330332696;0.04404435946666667;93.68843456840251;269.60549649999996
106;4.994214;4.1239978;0.000333053599;0.04440714653333333;92.86788550812207;269.212366
107;5.0340560000000005;4.12602481;0.000332062576;0.04427501013333334;93.19082700544969;268.8345465
108;5.083127999999999;4.12660214;0.000331376181;0.0441834908;93.3969241742212;268.41494375
109;5.121561000000001;4.12555776;0.000331883922;0.044251189600000004;93.23043735755299;268.049126
110;5.167113;4.13060445;0.000331443638;0.04419248506666667;93.46848098197619;267.67782075
111;5.204999;4.1301927;0.000331581725;0.044210896666666666;93.42024277725199;267.276476
112;5.248617;4.12933818;0.000332607888;0.0443477184;93.11275368791014;266.920653
113;5.293500000000001;4.13290586;0.00033058631;0.04407817466666667;93.76309003842294;266.5763395
114;5.346673;4.13359506;0.000332215476;0.044295396800000005;93.31884029990222;266.2029745
115;5.392646999999999;4.13362077;0.000334188672;0.0445584896;92.76842206967447;265.86093575
116;5.436837;4.13408517;0.000336454665;0.044860621999999996;92.15398685287957;265.53656125
117;5.4910179999999995;4.13412338;0.000334206956;0.04456092746666667;92.77462600150069;265.183366
118;5.543852;4.13519787;0.000334568518;0.04460913573333333;92.69845295187038;264.86396975
119;5.593782;4.13284775;0.000333011506;0.04440153413333334;93.07894041655125;264.5625715
120;5.647627000000001;4.13525544;0.000332830099;0.044377346533333334;93.18392745483034;264.23443325
121;5.689448;4.13576622;0.000332384001;0.0443178668;93.32051650103338;263.92254225
122;5.7393089999999995;4.13313637;0.000332724991;0.044363332133333336;93.16559805692503;263.63174449999997
123;5.797662;4.13680891;0.000331872397;0.044249652933333335;93.48794026096722;263.3175235
124;5.851444;4.13436839;0.000332573319;0.0443431092;93.23587056903983;262.98080749999997
125;5.900415;4.13399318;0.000332784694;0.044371292533333336;93.16819375713234;262.677453
126;5.950724999999999;4.13508321;0.000331232445;0.044164326000000004;93.62948751895365;262.22887549999996
127;5.992941000000001;4.13494576;0.000332966337;0.0443955116;93.13882442116063;261.498873
128;6.024093;4.13303303;0.000332733242;0.04436443226666667;93.16095842626989;260.90743399999997
129;6.054291;4.13544043;0.000334033748;0.04453783306666667;92.85230432764536;260.25049325
130;6.083846;4.13280477;0.00033485097;0.044646796;92.566659654592;259.54306325
131;6.119356000000001;4.13291898;0.000334991001;0.0446654668;92.53052248409504;258.86755500000004
132;6.155703;4.13028119;0.000335656185;0.044754158;92.28821129871329;258.0980455
133;6.193496000000001;4.13329191;0.000332977394;0.04439698586666666;93.09848020793868;257.25708075
134;6.223631;4.13293264;0.000334681232;0.04462416426666667;92.61647154448146;256.43660525
135;6.252686;4.13107515;0.000333439457;0.04445859426666667;92.9196079664921;255.08643975
136;6.287046000000001;4.12979018;0.000333763939;0.044501858533333334;92.80039791836228;253.60531125
137;6.327877;4.12800141;0.000334488483;0.0445984644;92.55927228741086;252.231482
138;6.361433000000001;4.12646379;0.000335045756;0.044672767466666666;92.37090120013339;250.79586625
139;6.388992000000001;4.12965847;0.000336478;0.044863733333333336;92.04892600704949;249.278216
140;6.413267;4.12853987;0.000334922613;0.044656348400000004;92.4513539042525;247.830583
141;6.440859000000001;4.13065992;0.000334365015;0.044582002;92.65308273953242;246.42114925
142;6.464707;4.12704191;0.000332766321;0.0443688428;93.0166677684909;244.923646
143;6.495684;4.12665687;0.000333869902;0.044515986933333335;92.70055892908849;243.57433275
144;6.519711999999999;4.12779639;0.000334624627;0.04461661693333333;92.51701885348685;242.2399105
145;6.540458;4.12638145;0.000335869201;0.044782560133333336;92.14259831761115;240.864657
146;6.560141000000001;4.12751803;0.000334051299;0.0445401732;92.6695549984974;239.556304
147;6.58848;4.13065505;0.000334027764;0.044537035200000005;92.74652054072965;238.3600945
148;6.629134;4.12958661;0.000334314605;0.04457528066666667;92.64297494571018;237.03941275
149;6.669924000000001;4.12637025;0.00033444595;0.04459279333333333;92.53446446279287;235.8303075
150;6.69775;4.12699215;0.000333999814;0.044533308533333336;92.67203102394542;234.6525215
151;6.727899;4.12500007;0.000333127;0.04441693333333334;92.86998809763242;233.428839
152;6.754255;4.12723495;0.000333603396;0.0444804528;92.78761096604664;232.27359975
153;6.7943109999999995;4.12487855;0.000334744539;0.0446326052;92.41850283030308;231.18007
154;6.8184949999999995;4.1263499;0.000332554305;0.044340574;93.06036272782576;230.0543125
155;6.859039;4.12547212;0.0003337519;0.04450025333333334;92.70671088314404;228.962227
156;6.893466000000001;4.12906228;0.000334518289;0.04460243853333334;92.57481016232269;227.93119775
157;6.947596;4.12668316;0.000334292416;0.044572322133333335;92.5839840171546;226.8718385
158;6.995494;4.12162226;0.000335185487;0.04469139826666667;92.22406144929538;225.840555
159;7.042991;4.12310566;0.000333834893;0.044511319066666666;92.63049818462207;224.877285
160;7.086226000000001;4.12314895;0.000333455427;0.0444607236;92.73688361653205;223.8449095
161;7.1311729999999995;4.12246115;0.000334873396;0.044649786133333334;92.32879946366359;222.89351425
162;7.178559000000001;4.11952158;0.00033163662;0.044218216000000005;93.16345055621419;221.975175
163;7.239548;4.12162763;0.00033786276;0.045048368000000005;91.49338395566294;221.0489595
164;7.289651;4.1211267;0.000336911742;0.0449215656;91.74049579429618;220.14205675
165;7.337403000000001;4.11842562;0.000334877702;0.04465036026666667;92.23723157894818;219.294089
166;7.3785289999999994;4.11961545;0.000335376737;0.044716898266666666;92.12659217624866;218.4204115
167;7.431854;4.12106975;0.000336466677;0.0448622236;91.86057710255807;217.57754475
168;7.487239;4.1201;0.000337007241;0.0449342988;91.69165003193507;216.75351125
169;7.542962999999999;4.12079559;0.000335288404;0.04470512053333334;92.17726159417073;215.945289
170;7.597975000000001;4.11945996;0.000335687037;0.0447582716;92.03795885630223;215.11349625
171;7.649101000000001;4.12266376;0.000335203995;0.044693866;92.24227235119916;214.32600075
172;7.708658000000001;4.12173649;0.000336614475;0.04488193;91.83509911449886;213.504331
173;7.759322999999999;4.11911901;0.000335502409;0.044733654533333334;92.08098584770521;212.75973025
174;7.811042;4.12158226;0.000335511372;0.0447348496;92.13358929008224;212.010726
175;7.8565130000000005;4.11910939;0.000334525787;0.04460343826666667;92.3495934410581;211.29319375
176;7.9152;4.11843081;0.000335456616;0.0447275488;92.07816928255188;210.5516625
177;7.975973000000001;4.11666647;0.000335546367;0.0447395156;92.01410464086473;209.86476625
178;8.039196;4.11542595;0.000335848989;0.0447798652;91.90349125928141;209.15435625
179;8.083046;4.11525915;0.000335633925;0.04475119;91.95865294308373;208.492009
180;8.141518999999999;4.11706327;0.000335179729;0.04469063053333334;92.12363354169308;207.86301125
181;8.202175;4.11721587;0.000335794478;0.04477259706666666;91.95838838362316;207.2208225
182;8.252265999999999;4.11768443;0.000335893828;0.04478584373333333;91.94165135121209;206.61235575
183;8.306255;4.11669067;0.000335079063;0.0446772084;92.14296992647373;206.0641575
184;8.35528;4.1134926;0.00033562794;0.044750392;91.92081714055152;205.479659
185;8.41303;4.1161824;0.000336338175;0.044845090000000004;91.78669058307162;204.920707
186;8.469248;4.1140879;0.00033577791;0.044770388;91.89305886739244;204.3934315
187;8.512151;4.11647305;0.000336349798;0.04484663973333334;91.78999975198437;203.8506675
188;8.564447000000001;4.11514358;0.000335588427;0.0447451236;91.96853755031307;203.3145885
189;8.604026000000001;4.11537713;0.000337056061;0.044940808133333336;91.57327829509049;202.837147
190;8.657240999999999;4.11470979;0.000336407993;0.04485439906666667;91.73481031112124;202.33168325
191;8.703766000000002;4.11536032;0.000337462671;0.0449950228;91.4625677220459;201.84262275
192;8.759070000000001;4.11491308;0.000336159636;0.0448212848;91.8071201742972;201.38441475
193;8.811965;4.11628193;0.000336090847;0.044812112933333335;91.85645711738172;200.913417
194;8.861930000000001;4.11495975;0.000338329397;0.04511058626666667;91.21938087159478;200.4581555
195;8.910682999999999;4.1170622;0.000335798917;0.04477318893333334;91.95374057743015;200.02685375
196;8.967543;4.114489;0.000338136399;0.0450848532;91.26100470479075;199.59298025
197;9.032664;4.11320224;0.000336511401;0.0448681868;91.67302120619681;199.17227
198;9.086704000000001;4.11607773;0.000337754381;0.04503391746666667;91.39950423026488;198.776347
199;9.137112000000002;4.11519798;0.000337458452;0.04499446026666667;91.46010321294307;198.3660535
200;9.188312;4.11427478;0.000337791868;0.04503891573333334;91.34933008511618;197.98111475
201;9.230967;4.11437131;0.000338800323;0.0451733764;91.07956141175225;197.61960875
202;9.272419;4.11509845;0.000337976206;0.04506349413333334;91.317784586883;197.23820775
203;9.305596999999999;4.12044356;0.000337629107;0.04501721426666667;91.53039847361264;196.8731265
204;9.338092;4.11996005;0.00033625713;0.044834284;91.89307115956174;196.54837325
205;9.387604;4.11537156;0.00033582382;0.04477650933333333;91.90916445414742;196.185565
206;9.429482;4.11639145;0.00033822599;0.04509679866666667;91.27901695254111;195.7863995
207;9.456864;4.11486049;0.000336985005;0.044931334;91.58108882322523;195.41613975
208;9.488173;4.11429594;0.000337402582;0.044987010933333335;91.45519683663831;195.02828025
209;9.543593999999999;4.11698029;0.000336892421;0.04491898946666666;91.65344854997495;194.669605
210;9.600658;4.1176206;0.000337350799;0.044980106533333335;91.54314912412583;194.33256975
211;9.646849;4.11420587;0.000337275986;0.04497013146666667;91.4875215130199;193.984722
212;9.687687;4.11523589;0.000337174442;0.04495659226666667;91.53798547696566;193.64801725
213;9.733927000000001;4.11742133;0.000337145327;0.04495271026666667;91.59450688456376;193.360647
214;9.785416000000001;4.1158525;0.000337720288;0.04502937173333334;91.40372920089419;193.0714705
215;9.841051;4.11878499;0.000337574622;0.0450099496;91.50832263984583;192.81205825
216;9.890526000000001;4.11677928;0.000337506926;0.04500092346666667;91.48210665164247;192.6010745
217;9.934149999999999;4.11649264;0.000337559491;0.04500793213333334;91.46149233884226;192.38281125
218;9.980409000000002;4.11643408;0.000339087194;0.04521162586666667;91.04813200347519;192.18159
219;10.02667;4.11596805;0.000337968178;0.045062423733333336;91.33925139839644;191.98535675
220;10.081420999999999;4.11608227;0.000338698949;0.04515985986666667;91.14470864508054;191.78190225
221;10.131031;4.11548711;0.000339413908;0.045255187733333334;90.93956552010238;191.5862945
222;10.180812;4.11732745;0.000338868784;0.045182504533333334;91.12658743745486;191.40296325
223;10.23632;4.12077014;0.000338923291;0.045189772133333334;91.18811504164228;191.22058575
224;10.280180000000001;4.11841504;0.000337405922;0.04498745626666667;91.54585259472714;191.03825575
225;10.323371999999999;4.11625726;0.00033999351;0.045332468;90.80152574088841;190.863293
226;10.359162000000001;4.1161051;0.000340775004;0.0454366672;90.58994318139602;190.7033465
227;10.408083999999999;4.11678268;0.000339946246;0.04532616613333333;90.82574219690015;190.537454
228;10.461663000000001;4.11873104;0.000340388241;0.0453850988;90.75073424760286;190.3915145
229;10.507123;4.1176672;0.000337933183;0.045057757733333335;91.386420610846;190.25211575
230;10.559052999999999;4.09545497;0.000338590568;0.04514540906666667;90.71697553902327;187.02305575
231;10.604579999999999;4.08436107;0.000336583187;0.04487775826666667;91.01080864446148;180.4475205
232;10.653799;4.08441906;0.000338436219;0.0451248292;90.513784371288;169.3867805
233;10.705776;4.08333431;0.000338164399;0.045088586533333336;90.5624820813855;161.368359
234;10.751591000000001;4.08340052;0.000342116482;0.04561553093333333;89.51776810332102;155.2592965
235;10.802252;4.08377253;0.000339846021;0.0453128028;90.12403289253164;150.07615875
236;10.832435;4.08350724;0.000340984341;0.0454645788;89.81733357661723;145.429723
237;10.875758000000001;4.08696365;0.000340094705;0.045345960666666664;90.12850516152554;141.83796225
238;10.929832000000001;4.08205908;0.000338277714;0.0451036952;90.50387250754567;138.51384025
239;10.987973;4.08724965;0.00033902796;0.045203728000000006;90.41841969317221;135.50953950000002
240;11.040113999999999;4.08588417;0.00034060968;0.045414624;89.96846852678996;133.0368005
241;11.094117;4.08737784;0.000339439999;0.04525866653333333;90.31149508104967;130.86239725000001
242;11.152466;4.08677421;0.000340723459;0.04542979453333333;89.95801658317868;128.9795985
243;11.212823;4.08515468;0.000341303473;0.04550712973333333;89.76955268193241;127.4883025
244;11.255059;4.08668433;0.000340144853;0.04535264706666667;90.10905855159301;126.16305425000002
245;11.302897999999999;4.08485729;0.000341448436;0.045526458133333336;89.72490849247879;124.88572825
246;11.354517999999999;4.08514002;0.00034320729;0.045760972;89.27126853861408;123.81268525000002
247;11.403397000000002;4.08493171;0.000340392428;0.04538565706666667;90.00490406032182;122.89386200000001
248;11.451802;4.08533016;0.000340344473;0.04537926306666666;90.02636631622339;121.92802075
249;11.508322;4.08643391;0.000340667892;0.045422385600000004;89.96519790893589;121.11210275000002
250;11.559745;4.08299984;0.000341055195;0.045474026;89.78751606466514;120.54888825
251;11.619221;4.08423624;0.000340287928;0.04537172373333334;90.01721565626623;119.95995075000002
252;11.678958000000002;4.08462359;0.000342267412;0.04563565493333333;89.50509411921459;119.50046175
253;11.726583000000002;4.08618608;0.00034099762;0.045466349333333336;89.87275512362812;119.12834225
254;11.783760999999998;4.08552214;0.000339715059;0.045295341200000006;90.19740290641634;118.71945325000002
255;11.835863;4.08767894;0.000341380375;0.045517383333333335;89.80478754820045;118.29467425000001
256;11.885168;4.0876386;0.000340467253;0.045395633733333336;90.04475240971266;117.85630700000002
257;11.948608;4.0874721;0.000341786183;0.045571491066666664;89.6936221380254;117.35505475
258;11.999573999999999;4.08496201;0.000341963429;0.04559512386666667;89.59208054671834;117.01483975
259;12.046482000000001;4.08512474;0.000341551;0.04554013333333334;89.70383793342722;116.78586575
260;12.093485000000001;4.08440496;0.000340712085;0.045428278;89.90886601512827;116.59853125000001
261;12.145463;4.08684432;0.000340929396;0.0454572528;89.90522014124004;116.42822575
262;12.194614000000001;4.08799583;0.00034040256;0.045387008;90.06973603547517;116.26925699999998
263;12.247131;4.0847033;0.000341381146;0.04551748613333333;89.739211168973;116.04388749999998
264;12.278559000000001;4.08512624;0.000341853523;0.04558046973333334;89.62448750308768;115.73793949999998
265;12.321658;4.08608692;0.000341572381;0.04554298413333333;89.7193497035113;115.51949400000001
266;12.377213999999999;4.08663391;0.000341610493;0.04554806573333333;89.72134917705822;115.34475774999999
267;12.435635999999999;4.08693282;0.000341969981;0.04559599746666667;89.63358731186408;115.22156725000002
268;12.479834;4.08752409;0.000340019435;0.045335924666666666;90.16081882201821;115.15059124999999
269;12.530294000000001;4.08623695;0.000341836067;0.04557814226666667;89.65343357112752;115.067519
270;12.587933;4.08530655;0.000342638336;0.045685111466666664;89.42314944291581;114.93455375000002
271;12.648895;4.08720604;0.000340329421;0.045377256133333335;90.0716876311437;114.80722175
272;12.694695;4.08713299;0.000339217092;0.0452289456;90.36542717900547;114.64826249999999
273;12.755302999999998;4.08787385;0.000341331922;0.045510922933333336;89.82181829158071;114.48703649999999
274;12.807856999999998;4.08830681;0.000340454682;0.0453939576;90.0627974768166;114.46105075
275;12.850341;4.08528342;0.000340624324;0.045416576533333336;89.95137308514701;114.39937824999998
276;12.899096999999998;4.08699901;0.000340489965;0.045398662000000006;90.02465777515646;114.35526125000001
277;12.946624;4.08631355;0.000341414849;0.045521979866666666;89.76572552355506;114.32006925000002
278;12.989155;4.0850894;0.000341276362;0.045503514933333336;89.7752493622749;114.24608375
279;13.0366;4.08416704;0.00034163098;0.04555079733333333;89.66181228646184;114.13900024999998
280;13.092241999999999;4.08456097;0.000340188459;0.045358461200000005;90.05069532649841;114.00081375000002
281;13.140456;4.08571762;0.000340907806;0.045454374133333336;89.8861264268029;113.88703575
282;13.188291;4.08292942;0.000340495655;0.04539942066666667;89.93351368903664;113.86814075000001
283;13.239971;4.08539843;0.000342248001;0.045633066800000004;89.52715029882671;113.82923825
284;13.283231;4.08163182;0.000341573365;0.045543115333333335;89.6212696502258;113.817801
285;13.325781;4.08146865;0.000339595509;0.045279401200000007;90.13963395788015;113.79230825000002
286;13.370671999999999;4.08175176;0.000341153596;0.04548714613333334;89.7341800260549;113.73551850000001
287;13.417309;4.08225673;0.000342660668;0.045688089066666666;89.35056846092415;113.64661999999998
288;13.480923999999998;4.08364272;0.000342275515;0.04563673533333334;89.48148219132764;113.51128449999999
289;13.536183999999999;4.08433678;0.000341307654;0.0455076872;89.75048022216343;113.42112500000002
290;13.585048;4.08293403;0.00033775435;0.045033913333333335;90.66354060280791;113.37892075000002
291;13.646422999999999;4.08091144;0.000336452097;0.0448602796;90.96937148826866;113.35822150000001
292;13.696255999999998;4.07977233;0.00033679302;0.044905735999999995;90.85191989727105;113.04986524999998
293;13.747046000000001;4.07744912;0.000336361974;0.0448482632;90.9165445675497;77.78873475
294;13.803768999999999;4.07711991;0.000338821845;0.045176245999999996;90.2491966685324;77.22744925
295;13.849287999999998;4.07860548;0.000338444561;0.045125941466666666;90.38272327266031;77.19876175000002
296;13.895311;4.08009025;0.000338729071;0.045163876133333336;90.33968293497901;77.20437025000001
297;13.942996999999998;4.07952771;0.000339432653;0.04525768706666667;90.13999553248637;77.18436975
298;13.990278;4.07825488;0.000339949119;0.0453265492;89.97496946006206;77.18430075
299;14.036226;4.07901188;0.00033884202;0.045178935999999996;90.28570039807933;77.18411
300;14.085411;4.07801744;0.000338791603;0.045172213733333334;90.27712177388293;77.16657325
301;14.144258;4.07914892;0.00033997347;0.045329796;89.98824790652047;77.20038
302;14.201912;4.08038274;0.000339123473;0.04521646306666667;90.24108617217422;77.20407975
303;14.2684;4.07911468;0.000339245731;0.04523276413333334;90.18053082000314;77.241657
304;14.319357;4.08167557;0.000338653953;0.0451538604;90.3948307817331;77.20806099999999
305;14.372366;4.0825399;0.000339493842;0.0452658456;90.19029349580957;77.25187025
306;14.425750999999998;4.0832575;0.000339460957;0.04526146093333334;90.21488515393538;77.23753099999999
307;14.487043;4.0815679;0.000339717069;0.0452956092;90.10957070867697;77.20538525
308;14.541837999999998;4.08059911;0.000338789645;0.04517195266666667;90.3347955779463;77.25966349999999
309;14.600386;4.08092275;0.000339557203;0.04527429373333333;90.13774514157487;77.21774349999998
310;14.65914;4.08236858;0.000340910849;0.04545477986666667;89.81164559535621;77.19611850000001
311;14.699513;4.0825176;0.00034024144;0.04536552533333334;89.99163064910611;77.20829425
312;14.750623999999998;4.08377629;0.000339511822;0.045268242933333334;90.2128296875624;77.21226300000001
313;14.810471;4.08259643;0.000338997368;0.04519964906666667;90.32363114099458;77.21467999999999
314;14.841203999999998;4.08481344;0.000339083431;0.045211124133333336;90.34974286313623;77.20673225000002
315;14.881867;4.08676789;0.00034013017;0.04535068933333333;90.11479097840689;77.19893625
316;14.936180999999998;4.0865017;0.000338874904;0.045183320533333335;90.44270433788158;77.19531699999999
317;14.990368999999998;4.08442755;0.000339293465;0.04523912866666667;90.28528334608507;77.19790574999999
318;15.048839999999998;4.08353375;0.00033834929;0.045113238666666666;90.51741508013804;77.1929155
319;15.106839;4.08503951;0.00033941928;0.045255904;90.26533886053849;77.21670375
320;15.149149999999999;4.08246378;0.0003373391;0.04497854666666667;90.76468855818968;77.19912024999999
321;15.206374;4.08298732;0.000337121188;0.04494949173333334;90.83500530379003;77.19298924999998
322;15.267032999999998;4.08436041;0.000336154977;0.044820663600000005;91.12672776223688;77.210826
323;15.327561;4.0840067;0.000337274728;0.04496996373333333;90.81632185023955;77.02886749999999
324;15.372778999999998;4.08407477;0.000337474074;0.0449965432;90.76418941444372;77.09907874999999
325;15.424968;4.08508858;0.000337011683;0.04493489106666667;90.91128259194502;77.20740775000002
326;15.476319;4.08501184;0.000339735298;0.04529803973333333;90.18076420189934;77.29503775
327;15.527324;4.08885814;0.000339444471;0.045259262800000005;90.34301239215058;77.34655874999999
328;15.57547;4.08678088;0.000339838373;0.04531178306666667;90.19245334016473;77.726178
329;15.613143;4.08897042;0.000340725966;0.0454301288;90.00569727638545;79.01100675
330;15.676465;4.08688456;0.000340232872;0.04536438293333333;90.09016095305454;81.46383750000001
331;15.732246;4.08640919;0.000338795075;0.04517267666666667;90.46196709028312;84.36496575000001
332;15.782692999999998;4.08597654;0.0003389299;0.04519065333333334;90.41640778815913;87.84913699999998
333;15.838698;4.08284718;0.000339124039;0.045216538533333336;90.29543862562925;90.71751725000001
334;15.895817999999998;4.08350361;0.000340940471;0.04545872946666667;89.82881083366604;92.95094025
335;15.933769999999999;4.08536352;0.00033836229;0.045114972;90.55449530147108;94.613212
336;15.98697;4.08584111;0.00033880959;0.045174612;90.4455163887185;96.14056925
337;16.038467;4.08451527;0.000339506737;0.04526756493333333;90.23050557314862;97.39501825000002
338;16.089688;4.08747834;0.000338489974;0.045131996533333336;90.5671952044287;98.439011
339;16.14366;4.0855138;0.000340016856;0.045335580800000004;90.11716025043182;99.36912875000002
340;16.202085999999998;4.08778989;0.000339926705;0.045323560666666665;90.19127866108666;100.22753449999999
341;16.251828;4.09212421;0.000340509178;0.045401223733333336;90.1324650197828;100.9802685
342;16.311135999999998;4.09040963;0.000340901148;0.04545348640000001;89.99110858083704;101.71414950000002
343;16.369972999999998;4.09167181;0.000339686121;0.045291482800000005;90.34086669381466;102.40831424999999
344;16.411932999999998;4.09229425;0.000340340511;0.0453787348;90.18088027434383;103.05788625
345;16.457010999999998;4.09167111;0.00034013091;0.045350788;90.22271255793835;103.67594724999998
346;16.510398;4.0908861;0.000339097756;0.04521303413333334;90.48023824138782;104.324995
347;16.555841;4.09140319;0.000339320261;0.04524270146666667;90.43233620818181;104.93788425
348;16.615645999999998;4.09192649;0.000338547112;0.045139614933333336;90.65045184907676;105.57433325
349;16.668463;4.09161116;0.000339139703;0.04521862706666666;90.48508160072312;106.18498399999999
350;16.720821;4.09482635;0.000339422574;0.0452563432;90.48071630321205;106.75152875
351;16.772363;4.09756597;0.000338955974;0.04519412986666667;90.66588917828012;107.3255365
352;16.829190999999998;4.09813611;0.000338867719;0.04518236253333334;90.70212092111376;107.92970524999998
353;16.879233;4.09624429;0.000339316871;0.04524224946666666;90.54024365030762;108.50649275
354;16.93037;4.09734867;0.000340162799;0.04535503986666667;90.33943486865533;109.1219405
355;16.966798999999998;4.10087497;0.000338302279;0.04510697053333333;90.91444008569626;109.72941750000001
356;16.989089;4.101663;0.000338308951;0.04510786013333334;90.93011701011719;110.32712325
357;17.025137;4.10087312;0.00034057664;0.04541021866666667;90.3072753316258;110.93920800000001
358;17.069356;4.10224743;0.000339952396;0.04532698613333334;90.5034236764138;111.56012099999998
359;17.120188;4.10250853;0.000340809362;0.045441248266666665;90.28159847029085;112.14250125000001
360;17.180616999999998;4.10248447;0.000341253342;0.0455004456;90.16361083725299;112.7557205
361;17.242162;4.10133768;0.000340560052;0.045408006933333335;90.32190481342774;113.36384025000001
362;17.29273;4.10005713;0.000340592531;0.04541233746666667;90.2850934068193;113.97838925000002
363;17.357578;4.10242888;0.000339703641;0.0452938188;90.57370274109013;114.59595949999999
364;17.414224;4.10189806;0.000339316243;0.04524216573333333;90.66537804970332;115.21691425
365;17.451731;4.10129692;0.00034060349;0.04541379866666667;90.30948831440335;115.79704824999999
366;17.494028999999998;4.10016544;0.000339617705;0.04528236066666667;90.54663625384312;116.38698025
367;17.54484;4.10413875;0.000340513723;0.045401829733333336;90.39588875835115;116.94315775000001
368;17.584985;4.10089334;0.000340006758;0.045334234400000006;90.45908449266763;117.46336675
369;17.63823;4.10342127;0.000338564964;0.04514199520000001;90.90030805727434;117.98386575
370;17.693697999999998;4.10359644;0.000338985371;0.04519804946666667;90.79144981746128;118.5037685
371;17.725946999999998;4.1044034;0.00033871832;0.04516244266666666;90.8808992085223;118.97737875000001
372;17.768541;4.1035842;0.00034041684;0.045388912000000003;90.40939778419893;119.456504
373;17.826133;4.10441728;0.000341069805;0.045475973999999995;90.2546315995343;119.92000625
374;17.87784;4.10234766;0.000339892664;0.04531902186666667;90.52154020599868;120.3597325
375;17.923754;4.10355544;0.000339527076;0.0452702768;90.64568918209044;120.78855874999999
376;17.972511;4.10578064;0.000340602924;0.045413723200000006;90.40836889585832;121.23106575
377;18.029916;4.10276684;0.000339562152;0.0452749536;90.61890766907379;121.63827774999999
378;18.084253;4.10326668;0.000338870552;0.04518274026666667;90.81491418587473;122.04566349999999
379;18.138885;4.10514216;0.000338761431;0.0451681908;90.88568940423444;122.45877174999998
380;18.190799;4.10495992;0.000337490792;0.04499877226666667;91.22382041166918;122.85818599999999
381;18.246154;4.10477254;0.000336738901;0.044898520133333335;91.42333706790829;123.22455200000002
382;18.302557;4.10568462;0.00033827041;0.04510272133333333;91.02964297113661;123.612124
383;18.35401;4.10722469;0.000337898045;0.045053072666666666;91.16414146462434;124.09001575000002
384;18.393501999999998;4.10868643;0.000338316222;0.045108829600000004;91.08386243743286;124.70968575
385;18.434162;4.10505045;0.000338895724;0.04518609653333334;90.84764484959982;125.33282650000001
386;18.490862;4.10812848;0.000339510722;0.04526809626666667;90.7510767804264;126.16262949999998
387;18.539937;4.10646302;0.000339902669;0.04532035586666667;90.60968170861875;126.88354425
388;18.592036999999998;4.10688112;0.000339536355;0.045271514;90.71667274039035;127.580713
389;18.646796;4.10654119;0.000340461326;0.04539484346666667;90.46272387777752;128.1863935
390;18.690728999999997;4.10545084;0.000339149719;0.04521996253333334;90.78846177667036;128.6990145
391;18.744562;4.10664406;0.000340011927;0.04533492360000001;90.5845589646036;129.22000624999998
392;18.800376;4.10853883;0.000338946639;0.045192885200000005;90.91118683433824;129.73661925
393;18.830102999999998;4.10950488;0.000340026361;0.045336848133333336;90.6438151129112;130.18120625
394;18.879808;4.10900519;0.00033903266;0.04520435466666667;90.89843711517351;130.62574025
395;18.934266;4.11155064;0.000340194331;0.04535924413333334;90.6441612632281;130.95257325
396;18.982844999999998;4.1108941;0.000339823881;0.0453098508;90.72848458816819;131.28659575
397;19.041861;4.1110579;0.000339785997;0.0453047996;90.74221575411184;131.683326
398;19.101157;4.11147057;0.000339735831;0.045298110800000006;90.76472500482292;132.107403
399;19.145547999999998;4.11020545;0.00033977129;0.045302838666666664;90.72732682917382;132.4642565
400;19.203207;4.10877495;0.000339849514;0.04531326853333333;90.6748747770756;132.87155124999998
401;19.259362;4.11252315;0.000339891817;0.04531890893333333;90.74629656353275;133.24997175
402;19.311163;4.11395997;0.000339850852;0.045313446933333335;90.7889434245114;133.571237
403;19.38305;4.11230488;0.000340208553;0.0453611404;90.65699944351488;133.93315425
404;19.423047;4.11317314;0.000341043542;0.045472472266666675;90.45413488580292;134.297956
405;19.464135;4.11314778;0.000338863299;0.045181773200000004;91.03555457624226;134.62147325
406;19.507422;4.11452176;0.000340027157;0.04533695426666667;90.75426054866553;134.99889100000001
407;19.546494;4.11538286;0.000339809226;0.045307896800000004;90.83146980241202;135.3581605
408;19.597879;4.11409038;0.00033958143;0.045277524;90.86385509949706;135.6740165
409;19.651108999999998;4.11606578;0.00034130233;0.04550697733333334;90.44911398641783;136.02567875
410;19.702289999999998;4.11438077;0.000340045204;0.04533936053333334;90.74633434618299;136.36569824999998
411;19.747599;4.11682985;0.000339956883;0.045327584399999996;90.8239409731263;136.66277675
412;19.8034;4.11925699;0.000340382008;0.04538426773333333;90.76398487254944;137.006686
413;19.857888;4.11660392;0.000339980819;0.04533077586666667;90.81256257577283;137.33882725
414;19.904726;4.1191452;0.000339805188;0.045307358400000004;90.91558955244673;137.635809
415;19.948726999999998;4.11811615;0.000339593736;0.0452791648;90.94947241606364;137.96715725
416;20.003446;4.1200188;0.000340789133;0.045438551066666666;90.6723190613006;138.29779675
417;20.039642;4.11680992;0.000339349067;0.04524654226666667;90.98617736880354;138.5635635
418;20.08007;4.11880571;0.000340132663;0.04535102173333334;90.82057145743747;138.87362875
419;20.124126;4.1152708;0.0003397635;0.0453018;90.84122043715702;139.18381549999998
420;20.171551;4.11354626;0.00033999203;0.04533227066666667;90.74211813141619;139.4580575
421;20.216704999999997;4.11747989;0.000339060019;0.04520800253333333;91.07856262758011;139.74040300000001
422;20.271677;4.11645984;0.000342200934;0.045626791199999996;90.22023534278256;140.039861
423;20.333707;4.11678914;0.000340384799;0.045384639866666666;90.7088643226985;140.30647575
424;20.373105;4.11801837;0.000338827658;0.04517702106666667;91.15294175601213;140.58546725
425;20.417680999999998;4.11591488;0.000337658408;0.04502112106666667;91.42186561514558;140.86253275
426;20.468415999999998;4.1159193;0.00033863981;0.04515197466666667;91.15701650671254;141.0222425
427;20.523601;4.11476012;0.000337541725;0.04500556333333333;91.42781059141652;141.31470575
428;20.581037;4.11501533;0.000337686282;0.0450248376;91.39434030962502;141.49579175
429;20.632490999999998;4.11581785;0.000338095044;0.0450793392;91.30164556626865;141.6489505
430;20.677084;4.11433597;0.000340296759;0.0453729012;90.67826524612889;141.89495399999998
431;20.732481;4.11585763;0.000339714898;0.04529531973333334;90.86717246354029;142.26465050000002
432;20.781529;4.11397326;0.000339507534;0.0452676712;90.88104492550083;142.64997325000002
433;20.81184;4.11554983;0.000338857973;0.045181063066666666;91.09015040056325;143.0033495
434;20.846581999999998;4.11446412;0.000339392746;0.04525236613333333;90.92262950133885;143.41141725
435;20.897229;4.11356291;0.000339429713;0.04525729506666667;90.89281416267761;143.779624
436;20.948093;4.1154967;0.000338652944;0.04515372586666667;91.14412201891265;144.13963
437;21.008273;4.1179345;0.000340539416;0.04540525546666667;90.6929045476486;144.52793225
438;21.068392;4.11422148;0.000339901351;0.04532018013333333;90.78122522672763;144.87194775
439;21.120358;4.11575862;0.000339830204;0.04531069386666667;90.83415566557468;145.23100975
440;21.178015;4.11644399;0.00033868235;0.04515764666666667;91.15718585571405;145.65554724999998
441;21.230522;4.11727672;0.000338617249;0.045148966533333335;91.19315537289714;146.06580125
442;21.283338;4.11720603;0.000341313962;0.04550852826666667;90.47108721851818;146.42056775
443;21.336524;4.11838551;0.000338406967;0.04512092893333334;91.2743954382003;146.8251125
444;21.37833;4.11878538;0.00033865053;0.045153404;91.21760521089396;147.2379955
445;21.402976;4.11883551;0.000338781914;0.04517092186666667;91.18333963069823;147.60550425
446;21.442939;4.11818883;0.000338871802;0.045182906933333336;91.14484015108462;148.02855325000002
447;21.494714;4.11772028;0.000339973253;0.045329767066666665;90.83921110699848;148.46724799999998
448;21.551842;4.11894716;0.000339473662;0.045263154933333334;91.00000134914738;148.85149525
449;21.608334;4.11993898;0.000340164566;0.04535527546666667;90.83704018131034;149.26210600000002
450;21.663408999999998;4.11931008;0.000339576476;0.04527686346666667;90.98046473631464;149.67798575
451;21.703222999999998;4.11870945;0.000338865418;0.04518205573333334;91.15807997557306;150.0449495
452;21.739686;4.11880216;0.000339225807;0.0452301076;91.06328458082201;150.46237725
453;21.793951;4.12000598;0.000339391559;0.04525220786666667;91.04541356610463;150.909819
454;21.83663;4.12100644;0.000338336132;0.04511148426666667;91.35160385412222;151.29776575
455;21.886807;4.11959768;0.000338702423;0.04516032306666667;91.22161668149626;151.72307575
456;21.932278;4.11981428;0.000339997705;0.04533302733333333;90.87886960884045;152.16248675
457;21.97956;4.11999262;0.000340666439;0.04542219186666666;90.7043991204546;152.546412
458;22.025973999999998;4.12171917;0.000340091795;0.04534557266666667;90.89573529699534;152.9809755
459;22.07808;4.12007939;0.000340709881;0.045427984133333335;90.69474396898984;153.5176815
460;22.120741;4.12002514;0.000340971375;0.04546285;90.62399607591693;154.132789
461;22.168502999999998;4.12103965;0.000340163469;0.045355129200000004;90.86160094104638;154.90682325
462;22.219829999999998;4.12383028;0.00033975007;0.045300009333333335;91.03376225941616;155.96486375
463;22.277729;4.12003768;0.00034024877;0.04536650266666667;90.81673564903703;157.1631125
464;22.322663;4.12042017;0.00034164068;0.04555209066666666;90.45512751877207;158.86258325
465;22.371288;4.12543359;0.000338891555;0.04518554066666667;91.29986117535445;160.56009175
466;22.417797;4.12806608;0.000342074981;0.04560999746666666;90.50792171205296;161.96374575
467;22.46606;4.13032379;0.000339835789;0.04531143853333334;91.15410862450393;163.310609
468;22.511323;4.13101292;0.00034042393;0.04538985733333333;91.01180666118272;164.6322425
469;22.555008;4.13175395;0.000339615575;0.04528207666666667;91.24479825461479;165.73168825
470;22.613675;4.13203071;0.000338807822;0.04517437626666667;91.46846180251411;166.87839525
471;22.667766;4.13112569;0.000338975162;0.04519668826666667;91.40328303759318;168.065358
472;22.716585;4.13057862;0.000339507322;0.04526764293333333;91.24792793128626;169.11712375
473;22.768691999999998;4.1331668;0.000338661471;0.0451548628;91.53314933779401;170.1589025
474;22.813741;4.13070112;0.000339777726;0.0453036968;91.1780144175784;171.1639875
475;22.855914;4.13295514;0.000340164128;0.04535521706666667;91.1241397858389;172.05804675
476;22.89318;4.13391577;0.000338933224;0.045191096533333336;91.47633244417489;172.99257925
477;22.909084;4.13273454;0.000341312692;0.04550835893333333;90.81264710191323;174.01796775
478;22.939259;4.13413188;0.000341419316;0.04552257546666667;90.81498218454634;174.86847075
479;22.991329;4.13253169;0.000341043705;0.045472494;90.87981165053318;175.75629275
480;23.043967;4.13530859;0.000340927731;0.0454570308;90.97181485949585;176.6244615
481;23.083206;4.13959626;0.000339613311;0.0452817748;91.41859563331427;177.40220525
482;23.126364;4.14162308;0.000341227726;0.04549703013333334;91.03062480919266;178.2304565
483;23.178784999999998;4.14013008;0.000341200785;0.045493438000000004;91.0049946104315;179.02255225
484;23.210096;4.14159225;0.000340957759;0.04546103453333334;91.10202379937627;179.75871875
485;23.254393;4.13882526;0.000341601933;0.0455469244;90.8694783351826;180.5201395
486;23.292907;4.14173486;0.000341677591;0.04555701213333333;90.91322424478227;181.22692125
487;23.324479999999998;4.14131164;0.000341925471;0.0455900628;90.83803323912069;181.90068275
488;23.346502;4.14667708;0.000341170201;0.04548936013333334;91.15707646460014;182.64597075
489;23.366699;4.1461081;0.00034029876;0.045373168;91.37797254976775;183.3047875
490;23.38559;4.1476777;0.000340104918;0.0453473224;91.4646660593129;183.99033175
491;23.439189;4.14772327;0.000341036478;0.0454715304;91.21582743122276;184.6824665
492;23.480881;4.14966704;0.000341563573;0.045541809733333334;91.11774574392334;185.36876425
493;23.528053;4.14730712;0.000340726339;0.04543017853333334;91.28969451346113;186.0110115
494;23.579940999999998;4.14622192;0.000341160989;0.04548813186666667;91.14953175376098;186.66372875
495;23.639495999999998;4.14840152;0.000340750454;0.045433393866666665;91.30732192656156;187.335462
496;23.696704999999998;4.14967415;0.00034153186;0.045537581333333334;91.12636263275701;187.979634
497;23.751842;4.147199;0.000340524045;0.045403206;91.34154535254623;188.59518375
498;23.811425;4.14737615;0.00034191883;0.045589177333333335;90.97282277492586;189.23484175
499;23.850163;4.14731014;0.000340748662;0.04543315493333334;91.28378044812395;189.837803
500;23.882831;4.15209067;0.000341615531;0.04554873746666667;91.15709679194883;190.458255
501;23.933291999999998;4.15100406;0.000341928808;0.045590507733333334;91.04974404496505;191.06994225
502;23.978771;4.15432679;0.000341099112;0.04547988160000001;91.34427451983514;191.67742575
503;24.033679;4.15105617;0.000340933456;0.04545779413333333;91.31670924956101;192.2470105
504;24.072907;4.15203051;0.000342361554;0.045648207200000006;90.95714300034986;192.8412785
505;24.118115;4.1518781;0.000341757693;0.0455676924;91.11451296576959;193.4007275
506;24.161399;4.1539378;0.000341228104;0.04549708053333334;91.30119452294583;193.9468565
507;24.201867;4.15766049;0.000341912882;0.045588384266666664;91.19999659737886;194.50170925
508;24.24841;4.15413137;0.000340980756;0.045464100800000004;91.37168220425905;195.091785
509;24.290129;4.15398961;0.000339517327;0.04526897693333334;91.76239207078818;195.590634
510;24.337578;4.15313985;0.000342032703;0.0456043604;91.06892002370896;196.1326375
511;24.390646999999998;4.15382235;0.000341654752;0.045553966933333336;91.18464602828062;196.6726805
512;24.431538;4.15578535;0.000340737568;0.04543167573333333;91.47330101563678;197.18616575
513;24.492426;4.15375722;0.000342102739;0.04561369853333333;91.063810950663;197.7142435
514;24.532954;4.15543876;0.000341758305;0.045567774;91.19248967483028;198.23540425
515;24.584587;4.15707077;0.000341446322;0.04552617626666667;91.3116609145961;198.7101235
516;24.634434;4.15385634;0.000341046957;0.0454729276;91.34789773245214;199.243352
517;24.673768;4.15287079;0.00034103762;0.045471682666666666;91.3287247459679;199.753084
518;24.719466;4.15460094;0.000341713129;0.04556175053333334;91.18615705865956;200.22876275
519;24.766602;4.15338367;0.000341382805;0.04551770733333333;91.24764653861229;200.7444335
520;24.80574;4.15453893;0.000339643666;0.045285822133333334;91.74038880795734;201.25278175
521;24.853839999999998;4.15583658;0.000341815008;0.0455753344;91.1860907815961;201.678205
522;24.911054;4.15521016;0.000340945671;0.0454594228;91.40481563703445;202.17950825
523;24.967511;4.15434351;0.000342298576;0.04563981013333334;91.02455724209615;202.658804
524;25.012275;4.15525627;0.000341200688;0.04549342506666667;91.33751226492251;203.098991
525;25.061127;4.15640963;0.000340610938;0.04541479173333334;91.52105451469674;203.56695225
526;25.107138;4.15727758;0.000341977333;0.045596977733333335;91.17441081979547;204.04455525
527;25.152601999999998;4.15586277;0.000341057369;0.04547431586666667;91.38923127915173;204.48365775
528;25.215072;4.15770707;0.00034161559;0.045548745333333335;91.2803863108238;204.9754325
529;25.253905;4.15908133;0.00034033305;0.04537774000000001;91.65465997204797;205.44886375
530;25.282536999999998;4.15852621;0.000342461886;0.0456615848;91.07275247266493;205.866486
531;25.304793999999998;4.16150143;0.000339774727;0.045303296933333334;91.85868825670487;206.303579
532;25.327662999999998;4.16086826;0.00034070843;0.04542779066666667;91.59301385645198;206.778755
533;25.359627;4.16059287;0.000337788406;0.045038454133333336;92.37867839963697;207.19198175
534;25.415549;4.16576813;0.000338075714;0.04507676186666667;92.41498185521839;207.68119825
535;25.459122;4.16585989;0.000338981447;0.04519752626666666;92.17008615518714;208.153987
536;25.497816;4.16236952;0.000338871399;0.045182853200000005;92.12276837798282;208.65165
537;25.523920999999998;4.16233712;0.000337855066;0.045047342133333335;92.39917213495328;209.27062275
538;25.546523999999998;4.16181253;0.00033951954;0.045269272;91.93460257103317;209.91930075
539;25.592565;4.16251907;0.000340558841;0.045407845466666666;91.66960086348192;210.51012575
540;25.644166;4.16169638;0.000340507611;0.0454010148;91.66527220444421;211.206044
541;25.698042;4.16289016;0.00033941624;0.04525549866666667;91.98639464039786;211.861315
542;25.740309;4.15924534;0.000341131463;0.04548419506666667;91.4437495025195;212.4577065
543;25.802211;4.15944593;0.000341079399;0.045477253200000005;91.4621186927798;213.085974
544;25.851741;4.15993665;0.000342000497;0.04560006626666667;91.2265483491388;213.6884625
545;25.896817;4.15970409;0.000341866085;0.04558214466666667;91.25731402984884;214.21422825
546;25.948831;4.15841151;0.000341399368;0.04551991573333333;91.35367328799506;214.79478525
547;26.010529;4.15817464;0.000339871479;0.0453161972;91.75912580767039;215.34064275
548;26.062582;4.15828547;0.000340740683;0.045432091066666666;91.52749460503958;215.85291
549;26.116079;4.15760937;0.000340653049;0.04542040653333333;91.53615494279637;216.36683825
550;26.169781;4.15797701;0.000341189987;0.04549199826666667;91.40018395381573;216.89542625
551;26.21405;4.16004448;0.000341642388;0.0455523184;91.3245390381711;217.373497
552;26.261118;4.15878832;0.000339704174;0.045293889866666666;91.81786621202953;217.87736375
553;26.311025;4.15970769;0.000340468448;0.04539579306666667;91.63200836454601;218.38204575
554;26.36247;4.15864522;0.000340848288;0.0454464384;91.50651550287384;218.86694925
555;26.410379;4.15957713;0.000341643866;0.045552515466666665;91.31388436811565;219.327012
556;26.457809;4.15945419;0.000340171215;0.045356162000000005;91.70648499756217;219.81395475
557;26.484147999999998;4.16163041;0.000341735185;0.04556469133333333;91.33454629496228;220.27012425
558;26.524469;4.15875926;0.000340335752;0.04537810026666667;91.64683482915423;220.71455975
559;26.583495;4.16035136;0.000339978597;0.0453304796;91.7782339104129;221.18891775
560;26.625042;4.16448363;0.000341602019;0.04554693586666667;91.43279456143964;221.62791875
561;26.660422;4.16425288;0.000342100817;0.04561344226666667;91.29442271983817;222.0539375
562;26.7087;4.16926054;0.000341624448;0.0455499264;91.53166359452119;222.48913275
563;26.768492;4.16772257;0.000341687286;0.045558304800000005;91.48107218423104;222.8915595
564;26.80372;4.16609139;0.000339874945;0.045316659333333335;91.93288850697718;223.2623285
565;26.846307;4.16192482;0.000341300751;0.0455067668;91.45727355870952;223.67556125
566;26.885863999999998;4.16476667;0.000341231977;0.045497596933333335;91.53816796308043;224.0883055
567;26.928003999999998;4.16347084;0.00034215928;0.045621237333333335;91.26168169397596;224.452728
568;26.976021;4.1618216;0.000340980261;0.0454640348;91.54096459560162;224.866693
569;27.021276999999998;4.16560039;0.000343801025;0.04584013666666666;90.87233793151141;225.26770625
570;27.063198;4.1661083;0.000341387024;0.04551826986666666;91.5260688115668;225.6208725
571;27.119315999999998;4.16611725;0.000343749533;0.04583327106666667;90.89722712437838;226.0225805
572;27.166051;4.16772968;0.000339848862;0.0453131816;91.9760990695917;226.4042745
573;27.202658;4.16834879;0.000340438633;0.04539181773333333;91.83040023838892;226.727231
574;27.256564;4.16752994;0.000341766695;0.045568892666666666;91.45558946286442;227.243758
575;27.312538;4.16842279;0.000340948045;0.04545973933333334;91.69482384038893;227.80209625
576;27.362997;4.16862876;0.000340916951;0.04545559346666667;91.70771828239187;228.252467
577;27.423403999999998;4.16896539;0.000342442452;0.0456589936;91.30655455358088;228.68723375
578;27.482412;4.16729462;0.000342391798;0.045652239733333336;91.28346482762416;229.10012725
579;27.534453;4.17223902;0.000342025488;0.0456033984;91.48965135019411;229.42657625
580;27.595578;4.17205345;0.000341871001;0.04558280013333333;91.52692326483697;229.80885175
581;27.656581;4.17071012;0.000341426146;0.04552348613333333;91.61666810367826;230.1728105
582;27.706978;4.17020106;0.000341424896;0.04552331946666667;91.60582112324931;230.47984875
583;27.773408;4.17297311;0.000342344546;0.04564593946666667;91.42046716000553;230.8333025
584;27.825181;4.17397817;0.000342882557;0.045717674266666675;91.29900496804798;231.205534
585;27.865009999999998;4.17441018;0.000342423595;0.04565647933333334;91.43083831591684;231.5151045
586;27.907125999999998;4.17294936;0.000343636747;0.04581823293333334;91.07617410893484;231.8437365
587;27.965675;4.17209649;0.000341586095;0.04554481266666667;91.60420793767966;232.18574725
588;28.020298999999998;4.17026091;0.000342989913;0.04573198840000001;91.1891447519041;232.490684
589;28.073383;4.17254466;0.000342066956;0.04560892746666667;91.48526158720807;232.8081665
590;28.130468;4.17072037;0.000343248152;0.04576642026666666;91.13057883265749;233.15187375
591;28.185622;4.17142887;0.00034219275;0.0456257;91.42717525429747;233.42964275
592;28.238875999999998;4.1683212;0.000342421201;0.04565616013333333;91.29811153252746;233.73306125
593;28.298827;4.1714031;0.000342204407;0.04562725426666667;91.42349604515759;234.062311
594;28.355546;4.17276013;0.000342733425;0.04569779;91.31207723612017;234.356156
595;28.409178999999998;4.17365932;0.00034128115;0.04550415333333334;91.72040383712957;234.644895
596;28.47099;4.17121897;0.000340299075;0.04537321;91.93131740073052;234.96161975
597;28.527055999999998;4.17356802;0.000340755842;0.04543411226666667;91.85979018372927;235.23250425
598;28.582712;4.17213422;0.000341925257;0.04559003426666666;91.51417161909161;235.519048
599;28.643064000000003;4.17313407;0.000342637099;0.04568494653333333;91.34593310632717;235.8225095
600;28.700741;4.17170684;0.000341476752;0.0455302336;91.62498213055511;236.11598175
601;28.754405999999996;4.17240512;0.000342960861;0.0457281148;91.2437597361875;236.39401
602;28.816026;4.1714641;0.000343838137;0.045845084933333335;90.99043236730891;236.69430075
603;28.886170999999997;4.1733998;0.000342609361;0.04568124813333333;91.3591456130704;236.991378
604;28.932741;4.1727228;0.000341343253;0.045512433733333336;91.68313925923708;237.2583005
605;28.986728999999997;4.1735321;0.000341257286;0.04550097146666667;91.72402182791782;237.54464525
606;29.044437000000002;4.1727701;0.000341780134;0.04557068453333333;91.5669830886075;237.8437725
607;29.0907;4.17274101;0.000342641597;0.04568554626666666;91.33613037356933;238.09894525
608;29.145806999999998;4.17264088;0.000341636748;0.04555156640000001;91.60257724968157;238.39098675
609;29.206114;4.17385206;0.000341228924;0.04549718986666667;91.7386781959902;238.6745295
610;29.262442;4.17527475;0.000341116878;0.0454822504;91.80009153636777;238.94963175
611;29.317669000000002;4.17703992;0.00034303828;0.04573843733333333;91.32449999457788;239.23206175
612;29.376826;4.17561175;0.00034248337;0.045664449333333336;91.44119355342713;239.52376225
613;29.428216;4.17525078;0.000343071135;0.045742818000000005;91.27664106745674;239.77162825
614;29.471739;4.17597761;0.000343309442;0.04577459226666667;91.22916017847245;240.05463325
615;29.532131;4.17555827;0.000340973875;0.04546318333333333;91.84482836111711;240.323795
616;29.582538999999997;4.17571813;0.000342628843;0.04568384573333333;91.40469815905136;240.55932125
617;29.619706;4.17484952;0.000341973192;0.045596425600000004;91.56089463293368;240.829923
618;29.664819;4.1749877;0.000340890251;0.04545203346666667;91.85480563948423;241.10833825
619;29.711444;4.17837766;0.000342230732;0.04563076426666667;91.56931134402036;241.339615
620;29.748345;4.17762388;0.000341118209;0.04548242786666667;91.85138252176974;241.60961025
621;29.770561999999998;4.1741138;0.00033952311;0.045269748;92.20536858301044;241.88956675
622;29.791083;4.17599886;0.000340073579;0.04534314386666667;92.09769115877126;242.1014415
623;29.822259000000003;4.17756917;0.000340610188;0.04541469173333333;91.98717442650306;242.380806
624;29.860413;4.17799327;0.000341460391;0.04552805213333333;91.76745048886212;242.724444
625;29.905641000000003;4.17928392;0.000342280219;0.04563736253333333;91.57593007149501;243.0017535
626;29.947992999999997;4.17888971;0.000340765991;0.045435465466666665;91.97418067755477;243.28770775
627;29.984065;4.17716258;0.000341131246;0.04548416613333334;91.83773025001643;243.5588065
628;30.027026;4.1799817;0.000341804198;0.04557389306666667;91.71877622755235;243.79871325
629;30.079389999999997;4.1775626;0.000341305802;0.04550744026666667;91.79955135951658;244.04881625
630;30.129872999999996;4.17798037;0.000341157272;0.04548763626666667;91.84870248053807;244.3072965
631;30.175559;4.17745925;0.000342245108;0.04563268106666667;91.5453388306722;244.5358785
632;30.233556999999998;4.17836326;0.000341992528;0.04559900373333334;91.63277523420044;244.7795475
633;30.291748999999996;4.17827819;0.000341729502;0.0455639336;91.70143707697792;245.03003725
634;30.343078999999996;4.17862579;0.000342380763;0.04565076840000001;91.5346211346576;245.26123875
635;30.404901000000002;4.17880666;0.000341758355;0.04556778066666667;91.70529261823022;245.497326
636;30.463509000000002;4.17717889;0.000340733219;0.04543109586666667;91.94536936241606;245.729367
637;30.520822000000003;4.18026749;0.000340321055;0.04537614066666667;92.1247913238868;245.9380655
638;30.573546;4.17940558;0.000340875769;0.045450102533333335;91.95591092307885;246.17207075
639;30.615228000000002;4.17920181;0.000342350522;0.04564673626666667;91.55532578682617;246.39716025
640;30.661913999999996;4.1797245;0.000340649431;0.04541992413333334;92.02403085769427;246.6240605
641;30.719726;4.17918271;0.000341067014;0.04547560186666667;91.89944802167236;246.850949
642;30.775985999999996;4.1774924;0.000341029185;0.045470558;91.87246833434506;247.0895215
643;30.844121;4.17815292;0.000340928592;0.045457145600000005;91.91410645898539;247.32773775
644;30.893183;4.17860697;0.000341881621;0.045584216133333334;91.6678474359989;247.54122025
645;30.943956999999997;4.17896901;0.0003417459;0.04556612;91.71219779081476;247.768307
646;30.999034;4.18020216;0.000340517563;0.04540234173333334;92.07018846190908;247.98781325
647;31.055303000000002;4.17953649;0.000341073512;0.045476468266666674;91.90547659708032;248.20400575
648;31.114354999999996;4.17851825;0.000341068461;0.0454757948;91.88444684423635;248.4335185
649;31.175793999999996;4.17568493;0.000340349753;0.04537996706666667;92.01604143664531;248.660994
650;31.224213;4.17851212;0.000341099026;0.045479870133333336;91.87607853210345;248.87844225
651;31.278788;4.18120899;0.000341033044;0.04547107253333334;91.9531640019024;249.0993215
652;31.338585000000002;4.18364341;0.000341420303;0.04552270706666667;91.90234236011442;249.3267265
653;31.394671000000002;4.18144208;0.000340587672;0.045411689600000006;92.07854005942997;249.5448995
654;31.456215999999998;4.18117433;0.000341226894;0.0454969192;91.90016386867795;249.76812975
655;31.518932;4.18165377;0.000340514364;0.045401915200000004;92.10302586530533;249.9945565
656;31.574485000000003;4.18313543;0.000340582624;0.04541101653333334;92.11719422597436;250.21208
657;31.631779;4.18221252;0.000340876286;0.04545017146666667;92.01753007834637;250.42925475
658;31.691556999999996;4.18631994;0.000341788951;0.04557186013333333;91.86195006637298;250.66248175
659;31.749108;4.18622871;0.000341205813;0.0454941084;92.01694147279959;250.86481875
660;31.812025999999996;4.18546229;0.000340006905;0.045334254000000004;92.32449904215916;251.0887885
661;31.870730000000002;4.18502167;0.000341140111;0.04548534813333334;92.00812661106274;251.30364375
662;31.926926;4.18788498;0.000340091736;0.0453455648;92.35489729747505;251.502689
663;32.001233;4.1866146;0.000342056173;0.04560748973333333;91.79664621927465;251.7079825
664;32.050379;4.18485422;0.00033980818;0.04530775733333334;92.36507093501986;251.91746825
665;32.098969;4.18798172;0.000339471867;0.0452629156;92.52567282696212;252.10246025
666;32.155757;4.18742881;0.000341720825;0.04556277666666667;91.90460099995369;252.306008
667;32.213784;4.18664706;0.00033938093;0.045250790666666665;92.52097031497911;252.50396075
668;32.268381;4.18685263;0.000338728851;0.045163846800000004;92.70363192357652;252.6842375
669;32.331345;4.18677276;0.000339506397;0.0452675196;92.48955535880522;252.8781195
670;32.38521;4.18826239;0.000339640316;0.045285375466666666;92.48598133149777;253.0804235
671;32.435249;4.1855785;0.00033851732;0.04513564266666667;92.73333119262553;253.261913
672;32.490986;4.18625135;0.000339827121;0.045310282800000004;92.39075749048293;253.4521935
673;32.550107;4.18793814;0.000338548012;0.045139734933333335;92.77719831951043;253.65858375
674;32.605792;4.18273687;0.00033933151;0.04524420133333333;92.44802088966038;253.83322425
675;32.668825;4.18370962;0.000338776846;0.045170246133333335;92.62091704460818;254.03399725
676;32.729098;4.18376908;0.00033830636;0.04510751466666667;92.75104405367964;254.2410375
677;32.785562;4.17807578;0.000338691786;0.0451589048;92.51942221592584;254.43342025
678;32.846301;4.18300759;0.000338887606;0.04518501413333333;92.57510858924714;254.64929075
679;32.906812;4.18496825;0.000337343541;0.0449791388;93.04242725963441;254.85314275
680;32.962956999999996;4.18726862;0.000338674212;0.0451565616;92.72780016094052;255.03673025
681;33.025134;4.18657168;0.000338553346;0.04514044613333333;92.74546528924279;255.2369595
682;33.087952;4.18675097;0.000339597597;0.045279679600000004;92.46423576725132;255.434194
683;33.1518;4.18739864;0.000338620025;0.045149336666666665;92.7455185203533;255.6156565
684;33.204691;4.18252233;0.00033859734;0.045146312;92.64372093118038;255.821635
685;33.264205;4.17426229;0.000338503777;0.04513383693333334;92.48631566967714;256.0143365
686;33.312583;4.16747513;0.000336624974;0.04488332986666667;92.85129116712534;256.19775675
687;33.372769;4.16389171;0.000337046024;0.044939469866666665;92.65555918559063;256.393318
688;33.43432;4.15666923;0.000336394528;0.044852603733333336;92.67397840966069;256.59211
689;33.489534;4.15288838;0.000336142176;0.044818956800000004;92.65919326350765;256.76553475000003
690;33.549175;4.15069946;0.000336319219;0.04484256253333334;92.56160276109584;256.97022400000003
691;33.61108;4.15304617;0.000335560483;0.044741397733333334;92.82334438349226;257.162694
692;33.66748;4.15009346;0.000336963443;0.04492845906666667;92.37115062953579;257.3487635
693;33.72665;4.1529855;0.000336061808;0.044808241066666664;92.68351984227854;257.537572
694;33.788264;4.14379115;0.000336171887;0.04482291826666667;92.44804466650716;257.724216
695;33.844609999999996;4.13568112;0.000334722557;0.04462967426666667;92.66662121011461;257.9116525
696;33.903826;4.13464271;0.000335825461;0.04477672813333333;92.33909850867441;258.09155450000003
697;33.96568;4.13104193;0.000334135871;0.044551449466666664;92.72519703519053;258.27649825000003
698;34.023334999999996;4.1234387;0.000333762619;0.04450168253333334;92.65804044400791;258.45373325
699;34.082099;4.11998724;0.000333106349;0.044414179866666674;92.76288006146649;258.6243825
700;34.143237;4.1165643;0.000332720089;0.04436267853333334;92.79341185196665;258.80686575
701;34.200468;4.11304906;0.000332455496;0.044327399466666674;92.7879620615446;258.98760200000004
702;34.257083;4.11033388;0.000331976415;0.044263522000000007;92.86052474540999;259.1651415
703;34.324001;4.11037602;0.000332394469;0.044319262533333334;92.74468447909102;259.3512825
704;34.374010999999996;4.10566043;0.000333182419;0.04442432253333334;92.41920182169035;259.52643850000004
705;34.418991;4.10146251;0.000332409764;0.04432130186666667;92.5393058700887;259.6939795
706;34.475318;4.09775065;0.000333942816;0.0445257088;92.03111551589718;259.88238875
707;34.535887;4.09832262;0.000334138791;0.0445518388;91.9899768536602;260.05180175
708;34.588041;4.09376464;0.000332672046;0.0443562728;92.29280057994413;260.22316675
709;34.649848999999996;4.0982564;0.000331313548;0.044175139733333334;92.77291310767649;260.39809249999996
710;34.709567;4.09094695;0.000331576913;0.04421025506666667;92.5338916011924;260.5816495
711;34.758926;4.08671665;0.000332111882;0.04428158426666667;92.28930531007016;260.74419475
712;34.802216;4.08734514;0.000330599613;0.0440799484;92.72572424336141;260.92305625
713;34.849219;4.08113506;0.000330778061;0.04410374146666667;92.53489441671283;261.096792
714;34.886099;4.08098294;0.000328582374;0.0438109832;93.14976843523567;261.24410424999996
715;34.947125;4.07562847;0.000330319908;0.0440426544;92.53821154793977;261.418862
716;35.007573;4.07227097;0.000331260182;0.04416802426666667;92.19952754539028;261.58824925
717;35.055277;4.07382864;0.00033039335;0.04405244666666667;92.47678502003748;261.73117125
718;35.113314;4.06746097;0.000329055036;0.0438740048;92.70776598903048;261.8984635
719;35.1701;4.07183893;0.000330281722;0.04403756293333334;92.46285804153582;262.05756125
720;35.223034;4.06672423;0.000329194265;0.04389256866666667;92.65177121174938;262.202178
721;35.286397;4.06318444;0.00032850646;0.04380086133333334;92.76494380049633;262.36736725000003
722;35.348029;4.06094664;0.000329195758;0.04389276773333334;92.51972135072286;262.5341725
723;35.407134;4.0668071;0.000328755219;0.043834029200000006;92.77739633389668;262.67834325
724;35.455807;4.0642891;0.000328787413;0.04383832173333334;92.71087348468537;262.8497855
725;35.493104;4.05980875;0.000327948517;0.04372646893333333;92.84556583312741;262.9554715
726;35.53385;4.05803478;0.000328536103;0.043804813733333337;92.63901462299867;263.0233515
727;35.576402;4.05677853;0.000328172202;0.0437562936;92.71302928637446;263.127676
728;35.636564;4.05805823;0.000328140135;0.043752018;92.7513384639767;263.19991025
729;35.690196;4.0542616;0.000328724918;0.043829989066666665;92.4997173472563;263.28858125
730;35.751288;4.05659812;0.000328150688;0.04375342506666667;92.7149843428029;263.401559
731;35.813812;4.05170795;0.000327284903;0.04363798706666667;92.84818623302034;263.52392475
732;35.869014;4.05196227;0.000328327235;0.04377696466666667;92.55923294027069;263.62888699999996
733;35.927394;4.050008;0.000328053167;0.04374042226666667;92.59188160801996;263.76600425000004
734;35.98929;4.0499395;0.000328291479;0.0437721972;92.52310276990161;263.8998365
735;36.045341;4.04826988;0.000327036426;0.0436048568;92.8398847533883;264.0288685
736;36.102463;4.04692196;0.000328364433;0.0437819244;92.43362450280965;264.165838
737;36.163610999999996;4.05035737;0.000326958263;0.043594435066666666;92.90996348056817;264.31797675
738;36.222763;4.0485625;0.000328032092;0.04373761226666666;92.5647809788074;264.43646375000003
739;36.279164;4.04750322;0.000327739239;0.0436985652;92.6232520787662;264.567146
740;36.342864;4.04819201;0.000327472484;0.04366299786666667;92.71447696655942;264.7215725
741;36.400975;4.04699723;0.000328519667;0.04380262226666667;92.39166562591213;264.8667165
742;36.457055;4.04369248;0.000327072822;0.043609709600000005;92.72459085579418;265.0080825
743;36.52917;4.04228327;0.000326793761;0.04357250146666667;92.77143000597249;265.17048925
744;36.581006;4.0459889;0.000327842905;0.04371238733333334;92.55932120904065;265.31802749999997
745;36.628866;4.04271002;0.000326110331;0.043481377466666665;92.97566580311742;265.45149025
746;36.690789;4.04016951;0.000326063535;0.043475138;92.93057356137662;265.5922505
747;36.742452;4.04242399;0.000326879787;0.04358397160000001;92.75024376163091;265.73870175
748;36.791845;4.03761196;0.000326314282;0.04350857093333333;92.80038101427631;265.875248
749;36.836309;4.04165635;0.000327232426;0.04363099013333333;92.63269840196094;266.03275525000004
750;36.889488;4.04010061;0.000326937727;0.04359169693333333;92.68050785402322;266.1896025
751;36.937049;4.03900699;0.000326891583;0.0435855444;92.66849928344591;266.318192
752;36.989792;4.04075265;0.000327550685;0.04367342466666667;92.52200121333892;266.4782925
753;37.04585;4.03811942;0.000325962043;0.04346160573333333;92.91233841604067;266.623316
754;37.102045;4.03291301;0.000325542904;0.04340572053333333;92.91201621461238;266.752648
755;37.160511;4.03652764;0.000326920298;0.04358937306666667;92.60348006901668;266.89321874999996
756;37.223021;4.04147205;0.000327981012;0.0437308016;92.41705850642354;267.031482
757;37.281017999999996;4.04009104;0.000327450602;0.043660080266666665;92.5351262600519;267.14411425000003
758;37.340562999999996;4.04062119;0.000326036841;0.0434715788;92.94857241301759;267.28227825
759;37.403334;4.03950173;0.000326224885;0.04349665133333334;92.8692578893851;267.428342
760;37.458971;4.03940373;0.00032719692;0.043626256;92.59111600133645;267.55321075
761;37.517894;4.04445396;0.000327156696;0.0436208928;92.71827558742677;267.70146875
762;37.580334;4.0438748;0.000326842482;0.0435789976;92.79412154262126;267.84237674999997
763;37.643188;4.04484223;0.000326710788;0.043561438400000006;92.85373437071812;267.972273
764;37.689997;4.04105;0.000326388679;0.043518490533333336;92.85822992653492;268.10826725000004
765;37.743781999999996;4.04181535;0.000327413646;0.0436551528;92.5850693620754;268.25135624999996
766;37.797056;4.03906865;0.000326559668;0.04354128906666667;92.76410360326554;268.37564325
767;37.857077;4.04175453;0.00032591807;0.04345574266666667;93.008525041278;268.50073299999997
768;37.917908;4.04148984;0.000326656779;0.043554237200000005;92.79211621688094;268.63794475
769;37.950206;4.04444642;0.000328522775;0.04380303666666666;92.33255791778821;268.76246475
770;37.969355;4.04133913;0.000326665054;0.04355534053333334;92.78630543382211;268.892946
771;37.991594;4.04022377;0.000327368749;0.04364916653333334;92.56130393497027;269.0336405
772;38.019331;4.04219275;0.000327077466;0.0436103288;92.68888497809262;269.1486375
773;38.042963;4.04382097;0.0003258481;0.04344641333333333;93.07605990337215;269.2740635
774;38.063304;4.04145454;0.000327083581;0.043611144133333335;92.6702250150551;269.41391450000003
775;38.115905;4.04192602;0.000327042993;0.0436057324;92.69253828654877;269.53360699999996
776;38.168805;4.04095044;0.000327432411;0.0436576548;92.55995216673891;269.65973099999997
777;38.226359;4.03839729;0.000327728792;0.04369717226666667;92.41781745865038;269.8009415
778;38.282208;4.03901745;0.000326487747;0.0435316996;92.7833621731599;269.92128175
779;38.339363999999996;4.03641524;0.000324961679;0.04332822386666667;93.15902845270566;270.03968375
780;38.394056;4.03330419;0.000326082321;0.0434776428;92.76731511304472;270.1734545
781;38.452319;4.03602394;0.000325375524;0.043383403200000004;93.03151994309195;270.292468
782;38.511639;4.03788887;0.000326360775;0.04351477;92.79352435965994;270.41624025
783;38.582251;4.03504746;0.00032696453;0.04359527066666667;92.55699983726063;270.543134
784;38.638623;4.03781234;0.000326623126;0.043549750133333336;92.71723322493705;270.66893975
785;38.692496999999996;4.04024346;0.000326367649;0.043515686533333334;92.84567892328079;270.78066325
786;38.731581999999996;4.04187579;0.000326318081;0.043509077466666664;92.89729926120765;270.907637
787;38.789353999999996;4.03850598;0.000326589909;0.0435453212;92.74259251531252;271.03183824999996
788;38.848243;4.03643853;0.000326702306;0.04356030746666666;92.66322403919611;271.1506855
789;38.906487999999996;4.03539401;0.000325645609;0.04341941453333334;92.93985313648125;271.27218525
790;38.96436;4.03070411;0.00032603771;0.043471694666666665;92.72019738146241;271.3901865
791;39.021544;4.03160763;0.000326020498;0.04346939973333334;92.74587766871025;271.50075675
792;39.080428;4.0291027;0.000325790749;0.04343876653333333;92.75361667804755;271.614777
793;39.142943;4.0254842;0.000327122888;0.043616385066666666;92.29293518587426;271.73717425
794;39.201398;4.03176031;0.000326178929;0.04349052386666667;92.70433996979614;271.8517165
795;39.260457;4.0352887;0.000326200634;0.04349341786666666;92.77929622294971;271.97000075
796;39.322399;4.03706794;0.00032711235;0.043614980000000005;92.56149928304448;272.097104
797;39.374989;4.03867492;0.0003265607;0.04354142666666667;92.75476779661484;272.2060355
798;39.427955;4.03923259;0.000326716937;0.04356225826666667;92.72321387182936;272.33612425
799;39.485043;4.04082243;0.000326881863;0.043584248400000004;92.71290840936011;272.45741899999996
800;39.535358;4.04187951;0.000328352674;0.043780356533333335;92.32175866184663;272.56591575
801;39.579902;4.04826341;0.000327212014;0.043628268533333334;92.78991686106;272.688679
802;39.626076;4.05164899;0.000327096343;0.043612845733333336;92.9003581828489;272.805621
803;39.684827;4.05391694;0.000328245458;0.043766061066666674;92.62695433854257;272.91067525
804;39.737818;4.05583863;0.000327935886;0.0437247848;92.7583440044741;273.01284
805;39.790238;4.05635067;0.000327732243;0.043697632400000005;92.82769905858788;273.1220025
806;39.834822;4.05825314;0.000326983068;0.0435977424;93.08402033220875;273.22652500000004
807;39.881884;4.06093587;0.000328712356;0.04382831413333333;92.65553444848298;273.332395
808;39.933192;4.06093101;0.000328314514;0.043775268533333335;92.76770071456542;273.4547725
809;39.979315;4.06152018;0.000327947736;0.04372636480000001;92.88492648718878;273.56777999999997
810;40.002707;4.06304548;0.000328242385;0.043765651333333336;92.83639923588784;273.67943
811;40.042142999999996;4.06424834;0.000328522168;0.043802955733333336;92.78479664118129;273.79429500000003
812;40.081749;4.06521982;0.000328713271;0.043828436133333336;92.7530201541513;273.89662
813;40.139537;4.06785774;0.000328205869;0.043760782533333334;92.95669557328971;274.0015075
814;40.188305;4.06942808;0.000329625688;0.043950091733333335;92.59202699032363;274.11257
815;40.231839;4.07001448;0.000329384682;0.0439179576;92.67312740426709;274.20223250000004
816;40.283096;4.07287826;0.000331027901;0.044137053466666666;92.27798278550546;274.3091
817;40.323225;4.07403597;0.000329019854;0.04386931386666667;92.86755617793203;274.4206925
818;40.366344;4.0739829;0.000329463564;0.043928475200000004;92.74127730251833;274.5259175
819;40.41475;4.07752736;0.000329777496;0.0439703328;92.73360241658213;274.63847999999996
820;40.452446;4.07741781;0.000329548315;0.04393977533333334;92.79559986522764;274.7394325
821;40.491973;4.07473499;0.000329826337;0.043976844933333335;92.65637396627909;274.8458225
822;40.540265;4.07672429;0.000329162403;0.0438883204;92.8885920637783;274.9620375
823;40.608773;4.07902182;0.00032841188;0.04378825066666667;93.15334040291113;275.0694
824;40.651692;4.08128479;0.000329874442;0.04398325893333333;92.79177780314366;275.16755
825;40.700395;4.08039711;0.00032979333;0.043972444;92.79441256437782;275.27918750000003
826;40.755475;4.08108615;0.000330966248;0.04412883306666667;92.48117084434543;275.37721750000003
827;40.810818;4.08278081;0.000329416853;0.04392224706666667;92.95473439241434;275.473305
828;40.865681;4.08512459;0.000329272611;0.04390301480000001;93.0488397803606;275.5777025
829;40.912576;4.0853903;0.000330117841;0.044015712133333336;92.81663528751844;275.6753225
830;40.955275;4.08714312;0.000330964416;0.04412858880000001;92.6189400373483;275.77544750000004
831;41.005722;4.08646747;0.000330608064;0.0440810752;92.70344363106642;275.87262999999996
832;41.048867;4.08982541;0.00033083627;0.04411150266666667;92.71562206586358;275.97655499999996
833;41.087922;4.08954421;0.000330750334;0.044100044533333334;92.73333515363888;276.08426499999996
834;41.130396;4.08819569;0.000330386509;0.04405153453333333;92.8048417225172;276.1910425
835;41.171279999999996;4.09255726;0.000331199024;0.04415986986666667;92.67593569357861;276.29400499999997
836;41.222736;4.09241853;0.000330382516;0.044051002133333336;92.90182587930893;276.38784999999996
837;41.276734;4.09192952;0.0003305591;0.044074546666666665;92.84110284666191;276.484505
