x-axis,1,2
second,Volt,Volt
-49.40000E-03,,
-49.35000E-03,-12.58480E-03,-30.07224E-03
-49.30000E-03,-81.12751E-03,-30.07224E-03
-49.25000E-03,-162.23304E-03,-30.07224E-03
-49.20000E-03,-251.88129E-03,-30.07224E-03
-49.15000E-03,-339.01696E-03,-30.07224E-03
-49.10000E-03,-417.81093E-03,-30.07224E-03
-49.05000E-03,-502.03203E-03,-30.07224E-03
-49.00000E-03,-574.29334E-03,-30.07224E-03
-48.95000E-03,-666.75566E-03,-30.07224E-03
-48.90000E-03,-751.98179E-03,-30.07224E-03
-48.85000E-03,-830.47425E-03,-28.36369E-03
-48.80000E-03,-912.18280E-03,-29.67022E-03
-48.75000E-03,-999.92149E-03,-30.07223E-03
-48.70000E-03,-1.07077575E+00,-27.55967E-03
-48.65000E-03,-1.15680591E+00,-28.36369E-03
-48.60000E-03,-1.24152953E+00,-28.86621E-03
-48.55000E-03,-1.31871546E+00,-27.55967E-03
-48.50000E-03,-1.40092653E+00,-27.55967E-03
-48.45000E-03,-1.47570039E+00,-27.55967E-03
-48.40000E-03,-1.55399183E+00,-27.55967E-03
-48.35000E-03,-1.63218281E+00,-27.55967E-03
-48.30000E-03,-1.70293656E+00,-27.55967E-03
-48.25000E-03,-1.78032349E+00,-29.06721E-03
-48.20000E-03,-1.84886623E+00,-29.46922E-03
-48.15000E-03,-1.92534861E+00,-27.55967E-03
-48.10000E-03,-1.99871545E+00,-27.55967E-03
-48.05000E-03,-2.06595162E+00,-27.55967E-03
-48.00000E-03,-2.12554962E+00,-27.55967E-03
-47.95000E-03,-2.19439386E+00,-27.55967E-03
-47.90000E-03,-2.27660489E+00,-27.55967E-03
-47.85000E-03,-2.33559987E+00,-27.55967E-03
-47.80000E-03,-2.40092653E+00,-27.55967E-03
-47.75000E-03,-2.47278582E+00,-27.55967E-03
-47.70000E-03,-2.53610241E+00,-27.55967E-03
-47.65000E-03,-2.58494662E+00,-26.25315E-03
-47.60000E-03,-2.64705718E+00,-27.55967E-03
-47.55000E-03,-2.70112756E+00,-27.55967E-03
-47.50000E-03,-2.75620294E+00,-27.55967E-03
-47.45000E-03,-2.81911747E+00,-27.55967E-03
-47.40000E-03,-2.87389138E+00,-25.04711E-03
-47.35000E-03,-2.92886624E+00,-26.25313E-03
-47.30000E-03,-2.98142898E+00,-27.55967E-03
-47.25000E-03,-3.04163001E+00,-27.55967E-03
-47.20000E-03,-3.08092651E+00,-25.04711E-03
-47.15000E-03,-3.13539890E+00,-25.04711E-03
-47.10000E-03,-3.16866519E+00,-25.04711E-03
-47.05000E-03,-3.22032354E+00,-25.04711E-03
-47.00000E-03,-3.26625311E+00,-25.04711E-03
-46.95000E-03,-3.30625317E+00,-25.04711E-03
-46.90000E-03,-3.33630344E+00,-25.04711E-03
-46.85000E-03,-3.39449440E+00,-25.04711E-03
-46.80000E-03,-3.42705712E+00,-25.04711E-03
-46.75000E-03,-3.46072546E+00,-26.55466E-03
-46.70000E-03,-3.49379078E+00,-25.04711E-03
-46.65000E-03,-3.52504707E+00,-25.04711E-03
-46.60000E-03,-3.55771039E+00,-25.04711E-03
-46.55000E-03,-3.58715769E+00,-25.04711E-03
-46.50000E-03,-3.60494662E+00,-25.04711E-03
-46.45000E-03,-3.61047421E+00,-25.04711E-03
-46.40000E-03,-3.64444405E+00,-25.04711E-03
-46.35000E-03,-3.67499681E+00,-25.04711E-03
-46.30000E-03,-3.67821296E+00,-25.04711E-03
-46.25000E-03,-3.70846417E+00,-25.04710E-03
-46.20000E-03,-3.71017272E+00,-24.64511E-03
-46.15000E-03,-3.74032346E+00,-25.04711E-03
-46.10000E-03,-3.73861491E+00,-25.04711E-03
-46.05000E-03,-3.74112747E+00,-23.43908E-03
-46.00000E-03,-3.77379079E+00,-25.04711E-03
-45.95000E-03,-3.77379079E+00,-25.04711E-03
-45.90000E-03,-3.77379079E+00,-25.04711E-03
-45.85000E-03,-3.77268524E+00,-24.34360E-03
-45.80000E-03,-3.77238374E+00,-25.04711E-03
-45.75000E-03,-3.77278575E+00,-25.04711E-03
-45.70000E-03,-3.77127823E+00,-25.04711E-03
-45.65000E-03,-3.77358977E+00,-25.04711E-03
-45.60000E-03,-3.77379079E+00,-25.04711E-03
-45.55000E-03,-3.73801191E+00,-24.44411E-03
-45.50000E-03,-3.73610235E+00,-25.04711E-03
-45.45000E-03,-3.72755951E+00,-23.64009E-03
-45.40000E-03,-3.70595159E+00,-23.23808E-03
-45.35000E-03,-3.70595159E+00,-25.34863E-03
-45.30000E-03,-3.67328828E+00,-25.04711E-03
-45.25000E-03,-3.65318765E+00,-25.04711E-03
-45.20000E-03,-3.64062496E+00,-23.43906E-03
-45.15000E-03,-3.60796164E+00,-22.53455E-03
-45.10000E-03,-3.59127820E+00,-22.53455E-03
-45.05000E-03,-3.56575052E+00,-22.93657E-03
-45.00000E-03,-3.53760981E+00,-25.04711E-03
-44.95000E-03,-3.52002195E+00,-22.93654E-03
-44.90000E-03,-3.48223296E+00,-24.24310E-03
-44.85000E-03,-3.43529818E+00,-23.84109E-03
-44.80000E-03,-3.41117756E+00,-25.04711E-03
-44.75000E-03,-3.35720789E+00,-22.53455E-03
-44.70000E-03,-3.32414257E+00,-24.94659E-03
-44.65000E-03,-3.29137873E+00,-22.53455E-03
-44.60000E-03,-3.23198157E+00,-22.53455E-03
-44.55000E-03,-3.19781084E+00,-22.53455E-03
-44.50000E-03,-3.15419267E+00,-22.53455E-03
-44.45000E-03,-3.10112743E+00,-22.53455E-03
-44.40000E-03,-3.06765994E+00,-22.73557E-03
-44.35000E-03,-3.00967002E+00,-25.04711E-03
-44.30000E-03,-2.95188106E+00,-23.13755E-03
-44.25000E-03,-2.90645408E+00,-23.53956E-03
-44.20000E-03,-2.85228320E+00,-22.53455E-03
-44.15000E-03,-2.80122781E+00,-25.04711E-03
-44.10000E-03,-2.74816250E+00,-22.83607E-03
-44.05000E-03,-2.68374048E+00,-22.53455E-03
-44.00000E-03,-2.61901682E+00,-22.53455E-03
-43.95000E-03,-2.56524809E+00,-22.53455E-03
-43.90000E-03,-2.50002192E+00,-22.53455E-03
-43.85000E-03,-2.43891636E+00,-22.53455E-03
-43.80000E-03,-2.36675563E+00,-22.53455E-03
-43.75000E-03,-2.30142889E+00,-22.53455E-03
-43.70000E-03,-2.23851432E+00,-22.53455E-03
-43.65000E-03,-2.16655461E+00,-22.53455E-03
-43.60000E-03,-2.09369014E+00,-23.74056E-03
-43.55000E-03,-2.03198160E+00,-22.53455E-03
-43.50000E-03,-1.96424296E+00,-23.03708E-03
-43.45000E-03,-1.89097657E+00,-22.63507E-03
-43.40000E-03,-1.81831331E+00,-25.04711E-03
-43.35000E-03,-1.73700667E+00,-22.53455E-03
-43.30000E-03,-1.66203187E+00,-22.53455E-03
-43.25000E-03,-1.58434337E+00,-22.53455E-03
-43.20000E-03,-1.52273538E+00,-22.53455E-03
-43.15000E-03,-1.44052433E+00,-22.53455E-03
-43.10000E-03,-1.34906696E+00,-22.53455E-03
-43.05000E-03,-1.28424290E+00,-22.53455E-03
-43.00000E-03,-1.19389106E+00,-24.04210E-03
-42.95000E-03,-1.11168011E+00,-22.53455E-03
-42.90000E-03,-1.03449418E+00,-22.53455E-03
-42.85000E-03,-952.28312E-03,-22.53455E-03
-42.80000E-03,-865.14742E-03,-22.53455E-03
-42.75000E-03,-784.84595E-03,-22.53455E-03
-42.70000E-03,-703.33833E-03,-22.53455E-03
-42.65000E-03,-617.20772E-03,-22.53455E-03
-42.60000E-03,-541.22784E-03,-22.53455E-03
-42.55000E-03,-468.26298E-03,-22.53455E-03
-42.50000E-03,-384.34338E-03,-22.53455E-03
-42.45000E-03,-290.77552E-03,-22.53455E-03
-42.40000E-03,-202.33337E-03,-22.53455E-03
-42.35000E-03,-125.14744E-03,-22.53455E-03
-42.30000E-03,-37.71019E-03,-22.53455E-03
-42.25000E-03,+35.25462E-03,-22.53455E-03
-42.20000E-03,+114.35014E-03,-22.53455E-03
-42.15000E-03,+198.97314E-03,-22.53455E-03
-42.10000E-03,+281.28479E-03,-20.72548E-03
-42.05000E-03,+360.88276E-03,+4.60124E-03
-42.00000E-03,+423.69669E-03,+48.31979E-03
-41.95000E-03,+476.05855E-03,+92.94293E-03
-41.90000E-03,+541.48569E-03,+149.32486E-03
-41.85000E-03,+596.66159E-03,+202.39021E-03
-41.80000E-03,+654.75202E-03,+257.16411E-03
-41.75000E-03,+705.10378E-03,+306.61130E-03
-41.70000E-03,+760.17920E-03,+359.57617E-03
-41.65000E-03,+815.15400E-03,+412.44042E-03
-41.60000E-03,+870.32984E-03,+465.80723E-03
-41.55000E-03,+921.48571E-03,+516.86262E-03
-41.50000E-03,+976.96308E-03,+567.91783E-03
-41.45000E-03,+1.02821933E+00,+614.55097E-03
-41.40000E-03,+1.08138521E+00,+670.63142E-03
-41.35000E-03,+1.13565647E+00,+721.88765E-03
-41.30000E-03,+1.18168674E+00,+769.22441E-03
-41.25000E-03,+1.23374695E+00,+821.68665E-03
-41.20000E-03,+1.28580735E+00,+871.23449E-03
-41.15000E-03,+1.33344536E+00,+920.58107E-03
-41.10000E-03,+1.38369682E+00,+970.32997E-03
-41.05000E-03,+1.43264147E+00,+1.01555605E+00
-41.00000E-03,+1.48801823E+00,+1.06842024E+00
-40.95000E-03,+1.52570677E+00,+1.10610879E+00
-40.90000E-03,+1.57012878E+00,+1.14801823E+00
-40.85000E-03,+1.62148569E+00,+1.20007864E+00
-40.80000E-03,+1.66570683E+00,+1.24610884E+00
-40.75000E-03,+1.70409881E+00,+1.28852090E+00
-40.70000E-03,+1.74610886E+00,+1.32842040E+00
-40.65000E-03,+1.79043045E+00,+1.36831990E+00
-40.60000E-03,+1.83615898E+00,+1.40922429E+00
-40.55000E-03,+1.87264139E+00,+1.45053085E+00
-40.50000E-03,+1.91113380E+00,+1.48751569E+00
-40.45000E-03,+1.95233980E+00,+1.53022925E+00
-40.40000E-03,+1.98781730E+00,+1.56821932E+00
-40.35000E-03,+2.01756616E+00,+1.60048073E+00
-40.30000E-03,+2.05535488E+00,+1.63826945E+00
-40.25000E-03,+2.09455105E+00,+1.67746563E+00
-40.20000E-03,+2.12711378E+00,+1.71002836E+00
-40.15000E-03,+2.16078207E+00,+1.74369665E+00
-40.10000E-03,+2.19073202E+00,+1.77113403E+00
-40.05000E-03,+2.22409862E+00,+1.80239011E+00
-40.00000E-03,+2.24630982E+00,+1.82671184E+00
-39.95000E-03,+2.28158621E+00,+1.86198822E+00
-39.90000E-03,+2.31254086E+00,+1.89213889E+00
-39.85000E-03,+2.33676191E+00,+1.91585736E+00
-39.80000E-03,+2.36208863E+00,+1.93837007E+00
-39.75000E-03,+2.38751586E+00,+1.96490277E+00
-39.70000E-03,+2.40771686E+00,+1.98550578E+00
-39.65000E-03,+2.43957625E+00,+2.01525462E+00
-39.60000E-03,+2.46068169E+00,+2.03535509E+00
-39.55000E-03,+2.47193794E+00,+2.04590776E+00
-39.50000E-03,+2.48902334E+00,+2.06188766E+00
-39.45000E-03,+2.50761618E+00,+2.07987746E+00
-39.40000E-03,+2.52751565E+00,+2.09555588E+00
-39.35000E-03,+2.53907365E+00,+2.10942541E+00
-39.30000E-03,+2.54590760E+00,+2.11625937E+00
-39.25000E-03,+2.56791769E+00,+2.13676188E+00
-39.20000E-03,+2.57314404E+00,+2.14349580E+00
-39.15000E-03,+2.58872174E+00,+2.15907350E+00
-39.10000E-03,+2.58801819E+00,+2.15867149E+00
-39.05000E-03,+2.61022937E+00,+2.18068160E+00
-39.00000E-03,+2.60811869E+00,+2.17847045E+00
-38.95000E-03,+2.61133484E+00,+2.18007853E+00
-38.90000E-03,+2.61183732E+00,+2.18218908E+00
-38.85000E-03,+2.63324432E+00,+2.20359608E+00
-38.80000E-03,+2.63284228E+00,+2.20319404E+00
-38.75000E-03,+2.63324432E+00,+2.20359605E+00
-38.70000E-03,+2.63324432E+00,+2.20359608E+00
-38.65000E-03,+2.61063125E+00,+2.18098302E+00
-38.60000E-03,+2.61063125E+00,+2.18098302E+00
-38.55000E-03,+2.61153581E+00,+2.18098302E+00
-38.50000E-03,+2.61063125E+00,+2.18048047E+00
-38.45000E-03,+2.58560616E+00,+2.15595793E+00
-38.40000E-03,+2.58771671E+00,+2.15806848E+00
-38.35000E-03,+2.58912378E+00,+2.15766647E+00
-38.30000E-03,+2.56540512E+00,+2.13575689E+00
-38.25000E-03,+2.55736465E+00,+2.12620891E+00
-38.20000E-03,+2.54279206E+00,+2.11314382E+00
-38.15000E-03,+2.52038003E+00,+2.09284228E+00
-38.10000E-03,+2.51324422E+00,+2.08379695E+00
-38.05000E-03,+2.50450064E+00,+2.07545538E+00
-38.00000E-03,+2.48249055E+00,+2.05535488E+00
-37.95000E-03,+2.45847049E+00,+2.03525438E+00
-37.90000E-03,+2.43726442E+00,+2.01445032E+00
-37.85000E-03,+2.41434981E+00,+1.99223926E+00
-37.80000E-03,+2.39455085E+00,+1.97244031E+00
-37.75000E-03,+2.37244027E+00,+1.95032972E+00
-37.70000E-03,+2.33646011E+00,+1.91686213E+00
-37.65000E-03,+2.31575663E+00,+1.89736471E+00
-37.60000E-03,+2.28399809E+00,+1.86440011E+00
-37.55000E-03,+2.25977684E+00,+1.84269142E+00
-37.50000E-03,+2.21867142E+00,+1.80409856E+00
-37.45000E-03,+2.19605839E+00,+1.77937494E+00
-37.40000E-03,+2.16399783E+00,+1.74771639E+00
-37.35000E-03,+2.13324432E+00,+1.71867146E+00
-37.30000E-03,+2.09445021E+00,+1.68078191E+00
-37.25000E-03,+2.06590749E+00,+1.65133463E+00
-37.20000E-03,+2.02500304E+00,+1.60791762E+00
-37.15000E-03,+1.99183706E+00,+1.57445017E+00
-37.10000E-03,+1.94972647E+00,+1.53012849E+00
-37.05000E-03,+1.91575685E+00,+1.49615887E+00
-37.00000E-03,+1.87545542E+00,+1.45736493E+00
-36.95000E-03,+1.83555581E+00,+1.41344526E+00
-36.90000E-03,+1.79676195E+00,+1.37445036E+00
-36.85000E-03,+1.75254058E+00,+1.33274163E+00
-36.80000E-03,+1.70972651E+00,+1.29264108E+00
-36.75000E-03,+1.66842001E+00,+1.25133459E+00
-36.70000E-03,+1.61957595E+00,+1.20359609E+00
-36.65000E-03,+1.57374661E+00,+1.15485218E+00
-36.60000E-03,+1.52902307E+00,+1.11414866E+00
-36.55000E-03,+1.48530451E+00,+1.07063119E+00
-36.50000E-03,+1.43575662E+00,+1.02168623E+00
-36.45000E-03,+1.38651046E+00,+975.35465E-03
-36.40000E-03,+1.33706319E+00,+927.51545E-03
-36.35000E-03,+1.29173655E+00,+882.18882E-03
-36.30000E-03,+1.24560582E+00,+836.05809E-03
-36.25000E-03,+1.18600799E+00,+773.94773E-03
-36.20000E-03,+1.13525418E+00,+725.70645E-03
-36.15000E-03,+1.08862093E+00,+679.87718E-03
-36.10000E-03,+1.03746520E+00,+630.43002E-03
-36.05000E-03,+982.79175E-03,+576.66114E-03
-36.00000E-03,+925.20397E-03,+523.69648E-03
-35.95000E-03,+871.63617E-03,+472.03815E-03
-35.90000E-03,+820.37985E-03,+418.67127E-03
-35.85000E-03,+764.50029E-03,+366.81189E-03
-35.80000E-03,+712.43998E-03,+316.86214E-03
-35.75000E-03,+656.35962E-03,+264.39983E-03
-35.70000E-03,+599.47524E-03,+210.02801E-03
-35.65000E-03,+542.18894E-03,+155.25427E-03
-35.60000E-03,+486.00795E-03,+104.09840E-03
-35.55000E-03,+432.74162E-03,+58.36976E-03
-35.50000E-03,+369.42482E-03,+9.62596E-03
-35.45000E-03,+303.89731E-03,-22.23313E-03
-35.40000E-03,+229.22381E-03,-32.58480E-03
-35.35000E-03,+142.18855E-03,-32.58480E-03
-35.30000E-03,+51.23390E-03,-30.17269E-03
-35.25000E-03,-29.06752E-03,-30.07224E-03
-35.20000E-03,-101.83120E-03,-30.07224E-03
-35.15000E-03,-190.57501E-03,-31.37872E-03
-35.10000E-03,-277.61041E-03,-30.07224E-03
-35.05000E-03,-362.43440E-03,-30.07224E-03
-35.00000E-03,-444.64550E-03,-30.07224E-03
-34.95000E-03,-523.03728E-03,-30.07224E-03
-34.90000E-03,-594.99743E-03,-30.07224E-03
-34.85000E-03,-683.64034E-03,-30.07224E-03
-34.80000E-03,-775.59996E-03,-30.07224E-03
-34.75000E-03,-853.69072E-03,-30.07224E-03
-34.70000E-03,-935.80141E-03,-30.07224E-03
-34.65000E-03,-1.02012284E+00,-30.07224E-03
-34.60000E-03,-1.09298712E+00,-28.26315E-03
-34.55000E-03,-1.17479630E+00,-28.66515E-03
-34.50000E-03,-1.26122823E+00,-27.55967E-03
-34.45000E-03,-1.34333888E+00,-28.16273E-03
-34.40000E-03,-1.42364043E+00,-29.87118E-03
-34.35000E-03,-1.50353988E+00,-30.07224E-03
-34.30000E-03,-1.57047460E+00,-30.07224E-03
-34.25000E-03,-1.64766030E+00,-29.06726E-03
-34.20000E-03,-1.72816319E+00,-27.55967E-03
-34.15000E-03,-1.80384139E+00,-29.36867E-03
-34.10000E-03,-1.87258530E+00,-27.55967E-03
-34.05000E-03,-1.94183115E+00,-27.55967E-03
-34.00000E-03,-2.02203254E+00,-29.56977E-03
-33.95000E-03,-2.08173070E+00,-28.46415E-03
-33.90000E-03,-2.15278616E+00,-27.55967E-03
-33.85000E-03,-2.22404254E+00,-27.55967E-03
-33.80000E-03,-2.28323857E+00,-27.55967E-03
-33.75000E-03,-2.35419330E+00,-30.07219E-03
-33.70000E-03,-2.42042416E+00,-27.55967E-03
-33.65000E-03,-2.48494673E+00,-27.55967E-03
-33.60000E-03,-2.55560024E+00,-27.55967E-03
-33.55000E-03,-2.60605255E+00,-25.04711E-03
-33.50000E-03,-2.66575084E+00,-27.55967E-03
-33.45000E-03,-2.73168054E+00,-25.04711E-03
-33.40000E-03,-2.79248491E+00,-27.55967E-03
-33.35000E-03,-2.84936938E+00,-27.55967E-03
-33.30000E-03,-2.89640411E+00,-26.15259E-03
-33.25000E-03,-2.95419291E+00,-26.05219E-03
-33.20000E-03,-3.00223341E+00,-25.65018E-03
-33.15000E-03,-3.05057482E+00,-27.35862E-03
-33.10000E-03,-3.10364049E+00,-25.04711E-03
-33.05000E-03,-3.14062497E+00,-25.65007E-03
-33.00000E-03,-3.19037437E+00,-26.05208E-03
-32.95000E-03,-3.23610235E+00,-25.04711E-03
-32.90000E-03,-3.27580135E+00,-25.04711E-03
-32.85000E-03,-3.33188130E+00,-25.04711E-03
-32.80000E-03,-3.36333899E+00,-25.04711E-03
-32.75000E-03,-3.39690637E+00,-25.04711E-03
-32.70000E-03,-3.42705712E+00,-25.04711E-03
-32.65000E-03,-3.45972044E+00,-25.04711E-03
-32.60000E-03,-3.49881633E+00,-25.04711E-03
-32.55000E-03,-3.52544913E+00,-24.64505E-03
-32.50000E-03,-3.55771039E+00,-25.04711E-03
-32.45000E-03,-3.59037371E+00,-22.93651E-03
-32.40000E-03,-3.60967024E+00,-23.33852E-03
-32.35000E-03,-3.62474604E+00,-25.04711E-03
-32.30000E-03,-3.64404210E+00,-25.04711E-03
-32.25000E-03,-3.67379084E+00,-25.04711E-03
-32.20000E-03,-3.69871557E+00,-25.04711E-03
-32.15000E-03,-3.70595159E+00,-25.04711E-03
-32.10000E-03,-3.70595159E+00,-25.04711E-03
-32.05000E-03,-3.73781105E+00,-23.64002E-03
-32.00000E-03,-3.73961999E+00,-23.53963E-03
-31.95000E-03,-3.74585174E+00,-24.44404E-03
-31.90000E-03,-3.76876566E+00,-22.73561E-03
-31.85000E-03,-3.77127823E+00,-22.73550E-03
-31.80000E-03,-3.76936862E+00,-22.53455E-03
-31.75000E-03,-3.77127823E+00,-23.53952E-03
-31.70000E-03,-3.77017264E+00,-22.53455E-03
-31.65000E-03,-3.77057465E+00,-24.34354E-03
-31.60000E-03,-3.77097666E+00,-22.83611E-03
-31.55000E-03,-3.77117778E+00,-25.04711E-03
-31.50000E-03,-3.75318728E+00,-22.53455E-03
-31.45000E-03,-3.73610235E+00,-22.53455E-03
-31.40000E-03,-3.73730843E+00,-23.74063E-03
-31.35000E-03,-3.70173054E+00,-24.24303E-03
-31.30000E-03,-3.70343903E+00,-22.53455E-03
-31.25000E-03,-3.70343836E+00,-25.04711E-03
-31.20000E-03,-3.66826315E+00,-24.64516E-03
-31.15000E-03,-3.63811240E+00,-22.53455E-03
-31.10000E-03,-3.61992077E+00,-25.04711E-03
-31.05000E-03,-3.60293652E+00,-22.53455E-03
-31.00000E-03,-3.58484601E+00,-22.53455E-03
-30.95000E-03,-3.55007214E+00,-22.53455E-03
-30.90000E-03,-3.52062485E+00,-22.83600E-03
-30.85000E-03,-3.49117721E+00,-22.53455E-03
-30.80000E-03,-3.45881557E+00,-22.53455E-03
-30.75000E-03,-3.42002183E+00,-22.53455E-03
-30.70000E-03,-3.38876561E+00,-22.53455E-03
-30.65000E-03,-3.35590111E+00,-22.53455E-03
-30.60000E-03,-3.32404205E+00,-22.53455E-03
-30.55000E-03,-3.26655386E+00,-22.53455E-03
-30.50000E-03,-3.22605210E+00,-22.53455E-03
-30.45000E-03,-3.18564968E+00,-22.53455E-03
-30.40000E-03,-3.13057472E+00,-22.53455E-03
-30.35000E-03,-3.09358944E+00,-22.53455E-03
-30.30000E-03,-3.03841344E+00,-22.53455E-03
-30.25000E-03,-2.99891625E+00,-22.53455E-03
-30.20000E-03,-2.93961994E+00,-22.53455E-03
-30.15000E-03,-2.88595119E+00,-22.53455E-03
-30.10000E-03,-2.83519736E+00,-22.53455E-03
-30.05000E-03,-2.77308680E+00,-20.42405E-03
-30.00000E-03,-2.71097667E+00,-22.53455E-03
-29.95000E-03,-2.64926765E+00,-22.53455E-03
-29.90000E-03,-2.58997098E+00,-22.53455E-03
-29.85000E-03,-2.54705641E+00,-22.53455E-03
-29.80000E-03,-2.48152877E+00,-22.53455E-03
-29.75000E-03,-2.41901627E+00,-22.53455E-03
-29.70000E-03,-2.35318718E+00,-22.53455E-03
-29.65000E-03,-2.27489560E+00,-22.53455E-03
-29.60000E-03,-2.21298617E+00,-22.53455E-03
-29.55000E-03,-2.14333812E+00,-22.53455E-03
-29.50000E-03,-2.07178070E+00,-22.53455E-03
-29.45000E-03,-2.01027248E+00,-22.53455E-03
-29.40000E-03,-1.94283548E+00,-22.53455E-03
-29.35000E-03,-1.86142832E+00,-22.53455E-03
-29.30000E-03,-1.79559942E+00,-22.53455E-03
-29.25000E-03,-1.72203164E+00,-22.53455E-03
-29.20000E-03,-1.63791098E+00,-22.53455E-03
-29.15000E-03,-1.55992122E+00,-24.34353E-03
-29.10000E-03,-1.49218221E+00,-22.53455E-03
-29.05000E-03,-1.41318705E+00,-22.63499E-03
-29.00000E-03,-1.33308711E+00,-22.53455E-03
-28.95000E-03,-1.25429276E+00,-22.53455E-03
-28.90000E-03,-1.16494603E+00,-22.53455E-03
-28.85000E-03,-1.08725771E+00,-24.24303E-03
-28.80000E-03,-1.01519709E+00,-22.53455E-03
-28.75000E-03,-927.05664E-03,-22.53455E-03
-28.70000E-03,-844.04169E-03,-22.53455E-03
-28.65000E-03,-764.34314E-03,-22.53455E-03
-28.60000E-03,-676.30242E-03,-22.53455E-03
-28.55000E-03,-590.67473E-03,-22.53455E-03
-28.50000E-03,-520.52391E-03,-22.53455E-03
-28.45000E-03,-443.43829E-03,-22.53455E-03
-28.40000E-03,-355.29759E-03,-22.83599E-03
-28.35000E-03,-268.66474E-03,-22.53455E-03
-28.30000E-03,-178.81563E-03,-22.53455E-03
-28.25000E-03,-98.91587E-03,-22.53455E-03
-28.20000E-03,-12.68478E-03,-22.53455E-03
-28.15000E-03,+68.72200E-03,-22.53455E-03
-28.10000E-03,+153.44614E-03,-22.53455E-03
-28.05000E-03,+233.34544E-03,-22.53455E-03
-28.00000E-03,+310.63200E-03,-17.00678E-03
-27.95000E-03,+380.78256E-03,+18.16930E-03
-27.90000E-03,+440.07878E-03,+60.68180E-03
-27.85000E-03,+492.13928E-03,+104.90304E-03
-27.80000E-03,+552.44059E-03,+160.48079E-03
-27.75000E-03,+616.15951E-03,+221.68716E-03
-27.70000E-03,+671.43563E-03,+271.93815E-03
-27.65000E-03,+723.39550E-03,+322.69191E-03
-27.60000E-03,+777.86799E-03,+375.85795E-03
-27.55000E-03,+830.83255E-03,+426.71202E-03
-27.50000E-03,+876.96347E-03,+472.44086E-03
-27.45000E-03,+939.07402E-03,+529.92823E-03
-27.40000E-03,+995.25479E-03,+585.70706E-03
-27.35000E-03,+1.04440059E+00,+633.64689E-03
-27.30000E-03,+1.10510397E+00,+693.04368E-03
-27.25000E-03,+1.15033003E+00,+736.25976E-03
-27.20000E-03,+1.20389781E+00,+791.83751E-03
-27.15000E-03,+1.25234015E+00,+837.76729E-03
-27.10000E-03,+1.30098358E+00,+888.92328E-03
-27.05000E-03,+1.34631000E+00,+934.24971E-03
-27.00000E-03,+1.40007871E+00,+983.99838E-03
-26.95000E-03,+1.44590806E+00,+1.02882264E+00
-26.90000E-03,+1.49565660E+00,+1.07857118E+00
-26.85000E-03,+1.54369715E+00,+1.12409916E+00
-26.80000E-03,+1.58691309E+00,+1.16731510E+00
-26.75000E-03,+1.63223937E+00,+1.21163643E+00
-26.70000E-03,+1.68038029E+00,+1.26329486E+00
-26.65000E-03,+1.72078223E+00,+1.30118424E+00
-26.60000E-03,+1.76259134E+00,+1.34048079E+00
-26.55000E-03,+1.80369687E+00,+1.38158632E+00
-26.50000E-03,+1.84279228E+00,+1.42319429E+00
-26.45000E-03,+1.88429982E+00,+1.46379738E+00
-26.40000E-03,+1.92188797E+00,+1.50098352E+00
-26.35000E-03,+1.95967691E+00,+1.53837046E+00
-26.30000E-03,+1.99746586E+00,+1.57826995E+00
-26.25000E-03,+2.03525459E+00,+1.61816917E+00
-26.20000E-03,+2.07435050E+00,+1.65766701E+00
-26.15000E-03,+2.10319429E+00,+1.68691281E+00
-26.10000E-03,+2.14339522E+00,+1.72751576E+00
-26.05000E-03,+2.17133521E+00,+1.75424979E+00
-26.00000E-03,+2.20460125E+00,+1.78751583E+00
-25.95000E-03,+2.22912401E+00,+1.81203859E+00
-25.90000E-03,+2.26681267E+00,+1.84942581E+00
-25.85000E-03,+2.29515402E+00,+1.87625947E+00
-25.80000E-03,+2.31806852E+00,+1.89847053E+00
-25.75000E-03,+2.34480269E+00,+1.92419961E+00
-25.70000E-03,+2.37565653E+00,+1.95545545E+00
-25.65000E-03,+2.40188746E+00,+1.97997799E+00
-25.60000E-03,+2.41907369E+00,+1.99947570E+00
-25.55000E-03,+2.44228955E+00,+2.02017900E+00
-25.50000E-03,+2.46339500E+00,+2.04027950E+00
-25.45000E-03,+2.48470175E+00,+2.05756608E+00
-25.40000E-03,+2.50399824E+00,+2.07686256E+00
-25.35000E-03,+2.51414921E+00,+2.08671196E+00
-25.30000E-03,+2.52761625E+00,+2.09806844E+00
-25.25000E-03,+2.54731475E+00,+2.11766651E+00
-25.20000E-03,+2.55495331E+00,+2.12781764E+00
-25.15000E-03,+2.56912379E+00,+2.14078201E+00
-25.10000E-03,+2.58972666E+00,+2.16178689E+00
-25.05000E-03,+2.59012867E+00,+2.16088251E+00
-25.00000E-03,+2.58550563E+00,+2.15836995E+00
-24.95000E-03,+2.60811869E+00,+2.18098302E+00
-24.90000E-03,+2.60811869E+00,+2.18098302E+00
-24.85000E-03,+2.60811869E+00,+2.17977706E+00
-24.80000E-03,+2.60811869E+00,+2.18098302E+00
-24.75000E-03,+2.63274173E+00,+2.20560606E+00
-24.70000E-03,+2.63063118E+00,+2.20108352E+00
-24.65000E-03,+2.63073176E+00,+2.20359608E+00
-24.60000E-03,+2.63073176E+00,+2.20178696E+00
-24.55000E-03,+2.60811869E+00,+2.17957591E+00
-24.50000E-03,+2.60811869E+00,+2.17847045E+00
-24.45000E-03,+2.60620922E+00,+2.18098302E+00
-24.40000E-03,+2.60771653E+00,+2.17826937E+00
-24.35000E-03,+2.58550563E+00,+2.15857088E+00
-24.30000E-03,+2.58550563E+00,+2.15836995E+00
-24.25000E-03,+2.57645993E+00,+2.14932426E+00
-24.20000E-03,+2.56289256E+00,+2.13575689E+00
-24.15000E-03,+2.54208846E+00,+2.11495279E+00
-24.10000E-03,+2.54068096E+00,+2.11324370E+00
-24.05000E-03,+2.51776685E+00,+2.09304332E+00
-24.00000E-03,+2.50309349E+00,+2.07595781E+00
-23.95000E-03,+2.48450021E+00,+2.05826898E+00
-23.90000E-03,+2.46902266E+00,+2.04560566E+00
-23.85000E-03,+2.45163597E+00,+2.02781695E+00
-23.80000E-03,+2.43193724E+00,+2.00982669E+00
-23.75000E-03,+2.40208830E+00,+1.98249024E+00
-23.70000E-03,+2.38319383E+00,+1.96359585E+00
-23.65000E-03,+2.35334443E+00,+1.93545506E+00
-23.60000E-03,+2.32922422E+00,+1.91093285E+00
-23.55000E-03,+2.30751576E+00,+1.88952573E+00
-23.50000E-03,+2.27746479E+00,+1.85836940E+00
-23.45000E-03,+2.24369650E+00,+1.82651050E+00
-23.40000E-03,+2.21867146E+00,+1.80158604E+00
-23.35000E-03,+2.18882189E+00,+1.77243991E+00
-23.30000E-03,+2.15555572E+00,+1.73987741E+00
-23.25000E-03,+2.12017835E+00,+1.70560549E+00
-23.20000E-03,+2.08691218E+00,+1.67173623E+00
-23.15000E-03,+2.04761610E+00,+1.63304324E+00
-23.10000E-03,+2.01595757E+00,+1.59907307E+00
-23.05000E-03,+1.98309349E+00,+1.56600807E+00
-23.00000E-03,+1.94228955E+00,+1.52369651E+00
-22.95000E-03,+1.90550514E+00,+1.48701277E+00
-22.90000E-03,+1.86882156E+00,+1.44992718E+00
-22.85000E-03,+1.82299274E+00,+1.40118378E+00
-22.80000E-03,+1.78681192E+00,+1.36721394E+00
-22.75000E-03,+1.74279182E+00,+1.32520397E+00
-22.70000E-03,+1.69324367E+00,+1.27776637E+00
-22.65000E-03,+1.65123362E+00,+1.23414820E+00
-22.60000E-03,+1.61254023E+00,+1.19465071E+00
-22.55000E-03,+1.55746535E+00,+1.14037993E+00
-22.50000E-03,+1.51264090E+00,+1.09806796E+00
-22.45000E-03,+1.47404802E+00,+1.05696260E+00
-22.40000E-03,+1.42550555E+00,+1.01093269E+00
-22.35000E-03,+1.37284174E+00,+962.08806E-03
-22.30000E-03,+1.32309324E+00,+911.03295E-03
-22.25000E-03,+1.27344484E+00,+863.89710E-03
-22.20000E-03,+1.23032901E+00,+818.36929E-03
-22.15000E-03,+1.17525388E+00,+765.40472E-03
-22.10000E-03,+1.12892264E+00,+719.37491E-03
-22.05000E-03,+1.07143445E+00,+661.88671E-03
-22.00000E-03,+1.02168604E+00,+614.65087E-03
-21.95000E-03,+968.21862E-03,+564.29911E-03
-21.90000E-03,+913.44483E-03,+511.63588E-03
-21.85000E-03,+859.97775E-03,+460.27935E-03
-21.80000E-03,+800.17850E-03,+400.68102E-03
-21.75000E-03,+744.80162E-03,+347.81670E-03
-21.70000E-03,+691.63596E-03,+298.57055E-03
-21.65000E-03,+637.66577E-03,+246.40957E-03
-21.60000E-03,+581.48512E-03,+192.03789E-03
-21.55000E-03,+530.53052E-03,+141.18370E-03
-21.50000E-03,+471.43504E-03,+91.53563E-03
-21.45000E-03,+409.12331E-03,+41.38470E-03
-21.40000E-03,+347.21350E-03,-2.23339E-03
-21.35000E-03,+276.66091E-03,-28.36378E-03
-21.30000E-03,+193.24374E-03,-32.58480E-03
-21.25000E-03,+115.65528E-03,-32.58471E-03
-21.20000E-03,+27.11274E-03,-30.47416E-03
-21.15000E-03,-48.76640E-03,-32.58480E-03
-21.10000E-03,-125.85165E-03,-30.07224E-03
-21.05000E-03,-214.99773E-03,-30.07224E-03
-21.00000E-03,-300.92729E-03,-30.07224E-03
-20.95000E-03,-392.18305E-03,-30.17283E-03
-20.90000E-03,-477.71104E-03,-32.28338E-03
-20.85000E-03,-543.03732E-03,-30.07224E-03
-20.80000E-03,-627.35972E-03,-30.07224E-03
-20.75000E-03,-714.49531E-03,-30.07224E-03
-20.70000E-03,-798.11305E-03,-30.07224E-03
-20.65000E-03,-879.21902E-03,-30.07224E-03
-20.60000E-03,-972.58577E-03,-32.58480E-03
-20.55000E-03,-1.05097737E+00,-30.07224E-03
-20.50000E-03,-1.12605275E+00,-30.07224E-03
-20.45000E-03,-1.20695754E+00,-30.07224E-03
-20.40000E-03,-1.28695736E+00,-30.07224E-03
-20.35000E-03,-1.36283712E+00,-30.07224E-03
-20.30000E-03,-1.45349038E+00,-30.07224E-03
-20.25000E-03,-1.53057554E+00,-28.06210E-03
-20.20000E-03,-1.60032474E+00,-30.07224E-03
-20.15000E-03,-1.67288701E+00,-28.76579E-03
-20.10000E-03,-1.75087705E+00,-30.07224E-03
-20.05000E-03,-1.83067559E+00,-29.67014E-03
-20.00000E-03,-1.90193188E+00,-30.07224E-03
-19.95000E-03,-1.96946984E+00,-30.07224E-03
-19.90000E-03,-2.04283658E+00,-28.36360E-03
-19.85000E-03,-2.10092740E+00,-28.76561E-03
-19.80000E-03,-2.17781136E+00,-27.55967E-03
-19.75000E-03,-2.25318816E+00,-30.07224E-03
-19.70000E-03,-2.31449478E+00,-30.07224E-03
-19.65000E-03,-2.38002251E+00,-29.77082E-03
-19.60000E-03,-2.44364051E+00,-30.07224E-03
-19.55000E-03,-2.50665540E+00,-30.07224E-03
-19.50000E-03,-2.57529834E+00,-28.56479E-03
-19.45000E-03,-2.63057472E+00,-27.55967E-03
-19.40000E-03,-2.68625330E+00,-27.55967E-03
-19.35000E-03,-2.74665605E+00,-27.55967E-03
-19.30000E-03,-2.79710766E+00,-28.16260E-03
-19.25000E-03,-2.85570044E+00,-28.56461E-03
-19.20000E-03,-2.91389167E+00,-28.96662E-03
-19.15000E-03,-2.96062609E+00,-27.55967E-03
-19.10000E-03,-3.01931900E+00,-27.55967E-03
-19.05000E-03,-3.06685697E+00,-27.55967E-03
-19.00000E-03,-3.10695681E+00,-27.55967E-03
-18.95000E-03,-3.15580188E+00,-27.55967E-03
-18.90000E-03,-3.20213260E+00,-27.55967E-03
-18.85000E-03,-3.24253527E+00,-27.55967E-03
-18.80000E-03,-3.30142898E+00,-27.55967E-03
-18.75000E-03,-3.33409230E+00,-25.04720E-03
-18.70000E-03,-3.36173049E+00,-27.55967E-03
-18.65000E-03,-3.40806291E+00,-27.55967E-03
-18.60000E-03,-3.43751015E+00,-27.55967E-03
-18.55000E-03,-3.47469636E+00,-27.55967E-03
-18.50000E-03,-3.52102716E+00,-27.55967E-03
-18.45000E-03,-3.52876681E+00,-27.55967E-03
-18.40000E-03,-3.56022295E+00,-27.55967E-03
-18.35000E-03,-3.59288627E+00,-27.55967E-03
-18.30000E-03,-3.61188134E+00,-26.45424E-03
-18.25000E-03,-3.64414265E+00,-25.04711E-03
-18.20000E-03,-3.64665607E+00,-25.04711E-03
-18.15000E-03,-3.67117792E+00,-27.55967E-03
-18.10000E-03,-3.70575069E+00,-25.24802E-03
-18.05000E-03,-3.70343903E+00,-25.65003E-03
-18.00000E-03,-3.71952030E+00,-25.04711E-03
-17.95000E-03,-3.73720797E+00,-26.45405E-03
-17.90000E-03,-3.73791129E+00,-26.85606E-03
-17.85000E-03,-3.76876566E+00,-25.34872E-03
-17.80000E-03,-3.76896647E+00,-25.14752E-03
-17.75000E-03,-3.77178064E+00,-27.05726E-03
-17.70000E-03,-3.77127823E+00,-27.55967E-03
-17.65000E-03,-3.77379079E+00,-26.25324E-03
-17.60000E-03,-3.76876566E+00,-25.04711E-03
-17.55000E-03,-3.76876566E+00,-25.04711E-03
-17.50000E-03,-3.76876556E+00,-25.04711E-03
-17.45000E-03,-3.76625310E+00,-25.04711E-03
-17.40000E-03,-3.73600155E+00,-25.04711E-03
-17.35000E-03,-3.73479572E+00,-25.04711E-03
-17.30000E-03,-3.73519773E+00,-25.04711E-03
-17.25000E-03,-3.70243381E+00,-25.04711E-03
-17.20000E-03,-3.70333843E+00,-25.04711E-03
-17.15000E-03,-3.67318698E+00,-25.04711E-03
-17.10000E-03,-3.66826315E+00,-25.04711E-03
-17.05000E-03,-3.63811240E+00,-25.04711E-03
-17.00000E-03,-3.60394164E+00,-25.04711E-03
-16.95000E-03,-3.59982084E+00,-25.04711E-03
-16.90000E-03,-3.58263491E+00,-24.84600E-03
-16.85000E-03,-3.55248436E+00,-25.04711E-03
-16.80000E-03,-3.51811230E+00,-25.04711E-03
-16.75000E-03,-3.48585099E+00,-25.04711E-03
-16.70000E-03,-3.45107712E+00,-23.94148E-03
-16.65000E-03,-3.42062476E+00,-25.04711E-03
-16.60000E-03,-3.38635260E+00,-25.04711E-03
-16.55000E-03,-3.33982023E+00,-25.04711E-03
-16.50000E-03,-3.29891541E+00,-25.04711E-03
-16.45000E-03,-3.26032356E+00,-25.04711E-03
-16.40000E-03,-3.22253400E+00,-25.04711E-03
-16.35000E-03,-3.16665491E+00,-25.04711E-03
-16.30000E-03,-3.12816204E+00,-25.04711E-03
-16.25000E-03,-3.07529833E+00,-25.04711E-03
-16.20000E-03,-3.03720798E+00,-25.04711E-03
-16.15000E-03,-2.97881541E+00,-25.04711E-03
-16.10000E-03,-2.92796093E+00,-25.04711E-03
-16.05000E-03,-2.87067481E+00,-23.43917E-03
-16.00000E-03,-2.81851431E+00,-25.04711E-03
-15.95000E-03,-2.74856457E+00,-25.04711E-03
-15.90000E-03,-2.70243350E+00,-25.04711E-03
-15.85000E-03,-2.64454436E+00,-25.04711E-03
-15.80000E-03,-2.57750919E+00,-25.04711E-03
-15.75000E-03,-2.52554887E+00,-25.04711E-03
-15.70000E-03,-2.46353934E+00,-22.53455E-03
-15.65000E-03,-2.39720674E+00,-25.04711E-03
-15.60000E-03,-2.33509682E+00,-22.73545E-03
-15.55000E-03,-2.26243381E+00,-25.04711E-03
-15.50000E-03,-2.18735770E+00,-25.04711E-03
-15.45000E-03,-2.11951840E+00,-23.94148E-03
-15.40000E-03,-2.05921742E+00,-25.04711E-03
-15.35000E-03,-1.98363963E+00,-22.53455E-03
-15.30000E-03,-1.91529750E+00,-25.04711E-03
-15.25000E-03,-1.84012173E+00,-25.04711E-03
-15.20000E-03,-1.77117658E+00,-25.04711E-03
-15.15000E-03,-1.69630253E+00,-22.53455E-03
-15.10000E-03,-1.61921678E+00,-22.53455E-03
-15.05000E-03,-1.54183080E+00,-22.53455E-03
-15.00000E-03,-1.46474453E+00,-25.04711E-03
-14.95000E-03,-1.38333749E+00,-25.04711E-03
-14.90000E-03,-1.31298626E+00,-25.04711E-03
-14.85000E-03,-1.23177959E+00,-25.04711E-03
-14.80000E-03,-1.13951903E+00,-23.43918E-03
-14.75000E-03,-1.05971982E+00,-23.03717E-03
-14.70000E-03,-986.25195E-03,-24.94650E-03
-14.65000E-03,-899.92040E-03,-22.53455E-03
-14.60000E-03,-820.72485E-03,-23.23796E-03
-14.55000E-03,-739.61889E-03,-25.04711E-03
-14.50000E-03,-649.16674E-03,-22.53455E-03
-14.45000E-03,-562.83562E-03,-23.13767E-03
-14.40000E-03,-486.15199E-03,-22.53455E-03
-14.35000E-03,-411.27729E-03,-24.84621E-03
-14.30000E-03,-328.16149E-03,-24.44420E-03
-14.25000E-03,-237.60840E-03,-22.53455E-03
-14.20000E-03,-155.79990E-03,-23.94147E-03
-14.15000E-03,-75.49785E-03,-22.53455E-03
-14.10000E-03,+5.60724E-03,-24.74549E-03
-14.05000E-03,+89.62724E-03,-22.53455E-03
-14.00000E-03,+175.45606E-03,-22.53455E-03
-13.95000E-03,+255.05415E-03,-22.53455E-03
-13.90000E-03,+337.56694E-03,-5.14717E-03
-13.85000E-03,+403.49648E-03,+35.05405E-03
-13.80000E-03,+457.26510E-03,+77.46600E-03
-13.75000E-03,+510.12975E-03,+123.19497E-03
-13.70000E-03,+572.64210E-03,+183.19486E-03
-13.65000E-03,+630.93344E-03,+236.46109E-03
-13.60000E-03,+684.90296E-03,+287.91804E-03
-13.55000E-03,+741.68721E-03,+342.18973E-03
-13.50000E-03,+797.06410E-03,+395.05405E-03
-13.45000E-03,+849.72719E-03,+445.30520E-03
-13.40000E-03,+897.76762E-03,+493.54640E-03
-13.35000E-03,+954.95366E-03,+548.62189E-03
-13.30000E-03,+1.01043049E+00,+600.88275E-03
-13.25000E-03,+1.06590854E+00,+653.84825E-03
-13.20000E-03,+1.12188777E+00,+709.82748E-03
-13.15000E-03,+1.16480291E+00,+752.74261E-03
-13.10000E-03,+1.21746611E+00,+803.09414E-03
-13.05000E-03,+1.26711402E+00,+852.54116E-03
-13.00000E-03,+1.31816963E+00,+907.61698E-03
-12.95000E-03,+1.36098370E+00,+948.92340E-03
-12.90000E-03,+1.41354606E+00,+998.97320E-03
-12.85000E-03,+1.46641072E+00,+1.04902368E+00
-12.80000E-03,+1.50017889E+00,+1.08550564E+00
-12.75000E-03,+1.55334528E+00,+1.13424970E+00
-12.70000E-03,+1.60178784E+00,+1.18128544E+00
-12.65000E-03,+1.64419990E+00,+1.22580805E+00
-12.60000E-03,+1.69093311E+00,+1.27384769E+00
-12.55000E-03,+1.73414896E+00,+1.31495310E+00
-12.50000E-03,+1.77897308E+00,+1.35686265E+00
-12.45000E-03,+1.82349650E+00,+1.40349661E+00
-12.40000E-03,+1.85796886E+00,+1.43837087E+00
-12.35000E-03,+1.89475232E+00,+1.47515434E+00
-12.30000E-03,+1.93424992E+00,+1.51555658E+00
-12.25000E-03,+1.97294293E+00,+1.55535488E+00
-12.20000E-03,+2.01264131E+00,+1.59796783E+00
-12.15000E-03,+2.04631023E+00,+1.63173737E+00
-12.10000E-03,+2.07796794E+00,+1.66269168E+00
-12.05000E-03,+2.11766701E+00,+1.70309415E+00
-12.00000E-03,+2.14731514E+00,+1.73123485E+00
-11.95000E-03,+2.18349558E+00,+1.76641016E+00
-11.90000E-03,+2.20671201E+00,+1.79193803E+00
-11.85000E-03,+2.24450165E+00,+1.82761711E+00
-11.80000E-03,+2.27083238E+00,+1.85183729E+00
-11.75000E-03,+2.29756639E+00,+1.87897332E+00
-11.70000E-03,+2.33002859E+00,+1.91043060E+00
-11.65000E-03,+2.35615878E+00,+1.93656079E+00
-11.60000E-03,+2.37666129E+00,+1.95706330E+00
-11.55000E-03,+2.39706342E+00,+1.97495287E+00
-11.50000E-03,+2.41716392E+00,+1.99706354E+00
-11.45000E-03,+2.44138514E+00,+2.01676203E+00
-11.40000E-03,+2.46490261E+00,+2.03776694E+00
-11.35000E-03,+2.48500311E+00,+2.05786744E+00
-11.30000E-03,+2.50550574E+00,+2.08048051E+00
-11.25000E-03,+2.52269156E+00,+2.09555600E+00
-11.20000E-03,+2.52269156E+00,+2.09555588E+00
-11.15000E-03,+2.54530462E+00,+2.11816895E+00
-11.10000E-03,+2.56671177E+00,+2.13706354E+00
-11.05000E-03,+2.56791769E+00,+2.13917409E+00
-11.00000E-03,+2.59002812E+00,+2.16289245E+00
-10.95000E-03,+2.59043013E+00,+2.16088251E+00
-10.90000E-03,+2.59495310E+00,+2.16530486E+00
-10.85000E-03,+2.61063125E+00,+2.18279218E+00
-10.80000E-03,+2.61314382E+00,+2.18239017E+00
-10.75000E-03,+2.61163640E+00,+2.18349558E+00
-10.70000E-03,+2.61545633E+00,+2.18832066E+00
-10.65000E-03,+2.63324432E+00,+2.20379721E+00
-10.60000E-03,+2.63324432E+00,+2.20590776E+00
-10.55000E-03,+2.63324432E+00,+2.20359608E+00
-10.50000E-03,+2.62017815E+00,+2.19153482E+00
-10.45000E-03,+2.60811869E+00,+2.18098302E+00
-10.40000E-03,+2.60992762E+00,+2.18027938E+00
-10.35000E-03,+2.60781706E+00,+2.17847045E+00
-10.30000E-03,+2.59615817E+00,+2.16650993E+00
-10.25000E-03,+2.58600802E+00,+2.15836995E+00
-10.20000E-03,+2.58641003E+00,+2.15927435E+00
-10.15000E-03,+2.56419897E+00,+2.13455074E+00
-10.10000E-03,+2.56791769E+00,+2.13656103E+00
-10.05000E-03,+2.54319419E+00,+2.11354595E+00
-10.00000E-03,+2.52269156E+00,+2.09304344E+00
-9.95000E-03,+2.52269156E+00,+2.09304332E+00
-9.90000E-03,+2.50259105E+00,+2.07796794E+00
-9.85000E-03,+2.47997799E+00,+2.05535488E+00
-9.80000E-03,+2.45987749E+00,+2.03615902E+00
-9.75000E-03,+2.43927435E+00,+2.01716380E+00
-9.70000E-03,+2.41465136E+00,+1.99264143E+00
-9.65000E-03,+2.39233968E+00,+1.97274169E+00
-9.60000E-03,+2.37083202E+00,+1.95123403E+00
-9.55000E-03,+2.35043013E+00,+1.92972674E+00
-9.50000E-03,+2.33173678E+00,+1.91063138E+00
-9.45000E-03,+2.29927349E+00,+1.87967550E+00
-9.40000E-03,+2.25907359E+00,+1.84198817E+00
-9.35000E-03,+2.23877196E+00,+1.82188742E+00
-9.30000E-03,+2.20470087E+00,+1.78821834E+00
-9.25000E-03,+2.17796769E+00,+1.76339483E+00
-9.20000E-03,+2.14279144E+00,+1.72821858E+00
-9.15000E-03,+2.11354546E+00,+1.69897260E+00
-9.10000E-03,+2.07264119E+00,+1.65776669E+00
-9.05000E-03,+2.04540500E+00,+1.63083214E+00
-9.00000E-03,+2.00560601E+00,+1.58852059E+00
-8.95000E-03,+1.97032900E+00,+1.55324358E+00
-8.90000E-03,+1.93505262E+00,+1.51676104E+00
-8.85000E-03,+1.88892184E+00,+1.47103227E+00
-8.80000E-03,+1.85274131E+00,+1.43314333E+00
-8.75000E-03,+1.81666091E+00,+1.39706280E+00
-8.70000E-03,+1.77515350E+00,+1.35555551E+00
-8.65000E-03,+1.73032950E+00,+1.31495275E+00
-8.60000E-03,+1.68349558E+00,+1.26892273E+00
-8.55000E-03,+1.63877134E+00,+1.22078127E+00
-8.50000E-03,+1.59505262E+00,+1.17545463E+00
-8.45000E-03,+1.55203729E+00,+1.13495187E+00
-8.40000E-03,+1.49716304E+00,+1.08007762E+00
-8.35000E-03,+1.45294181E+00,+1.04017812E+00
-8.30000E-03,+1.40902272E+00,+995.55526E-03
-8.25000E-03,+1.35535438E+00,+945.80664E-03
-8.20000E-03,+1.31183628E+00,+902.28855E-03
-8.15000E-03,+1.25847021E+00,+848.72134E-03
-8.10000E-03,+1.21193729E+00,+802.38956E-03
-8.05000E-03,+1.15635927E+00,+746.81154E-03
-8.00000E-03,+1.11264043E+00,+703.09269E-03
-7.95000E-03,+1.05595739E+00,+648.92222E-03
-7.90000E-03,+1.00158540E+00,+597.06280E-03
-7.85000E-03,+948.01744E-03,+546.00739E-03
-7.80000E-03,+892.54018E-03,+493.04269E-03
-7.75000E-03,+839.77623E-03,+442.28893E-03
-7.70000E-03,+782.79118E-03,+385.80626E-03
-7.65000E-03,+732.54069E-03,+336.76193E-03
-7.60000E-03,+673.54546E-03,+280.78152E-03
-7.55000E-03,+619.97698E-03,+230.52974E-03
-7.50000E-03,+560.37937E-03,+173.44470E-03
-7.45000E-03,+507.11304E-03,+124.80162E-03
-7.40000E-03,+447.91680E-03,+74.44973E-03
-7.35000E-03,+390.32860E-03,+26.10776E-03
-7.30000E-03,+324.70098E-03,-14.29360E-03
-7.25000E-03,+251.33415E-03,-32.58480E-03
-7.20000E-03,+165.20323E-03,-32.58480E-03
-7.15000E-03,+86.00686E-03,-30.07224E-03
-7.10000E-03,-8.36539E-03,-31.88141E-03
-7.05000E-03,-77.61084E-03,-31.47940E-03
-7.00000E-03,-156.70684E-03,-31.57964E-03
-6.95000E-03,-245.85270E-03,-32.58480E-03
-6.90000E-03,-333.18886E-03,-30.07224E-03
-6.85000E-03,-413.28910E-03,-32.58480E-03
-6.80000E-03,-496.20315E-03,-30.07224E-03
-6.75000E-03,-569.77178E-03,-28.56457E-03
-6.70000E-03,-660.32493E-03,-30.07224E-03
-6.65000E-03,-746.75670E-03,-30.77589E-03
-6.60000E-03,-826.45519E-03,-30.07224E-03
-6.55000E-03,-908.56588E-03,-30.07224E-03
-6.50000E-03,-992.88749E-03,-30.07224E-03
-6.45000E-03,-1.06756006E+00,-30.07224E-03
-6.40000E-03,-1.15158069E+00,-28.86607E-03
-6.35000E-03,-1.23670632E+00,-30.07224E-03
-6.30000E-03,-1.31469640E+00,-30.07224E-03
-6.25000E-03,-1.39188300E+00,-30.07224E-03
-6.20000E-03,-1.47238458E+00,-30.07224E-03
-6.15000E-03,-1.55449486E+00,-30.07224E-03
-6.10000E-03,-1.62866679E+00,-28.76557E-03
-6.05000E-03,-1.70223396E+00,-30.07224E-03
-6.00000E-03,-1.77831396E+00,-30.07224E-03
-5.95000E-03,-1.84283764E+00,-30.07224E-03
-5.90000E-03,-1.92243496E+00,-29.77086E-03
-5.85000E-03,-2.00002290E+00,-30.07224E-03
-5.80000E-03,-2.06585165E+00,-30.07224E-03
-5.75000E-03,-2.12454511E+00,-28.56483E-03
-5.70000E-03,-2.19067631E+00,-27.55967E-03
-5.65000E-03,-2.27439422E+00,-27.55967E-03
-5.60000E-03,-2.33519879E+00,-27.55967E-03
-5.55000E-03,-2.39519879E+00,-27.55967E-03
-5.50000E-03,-2.47077695E+00,-27.55967E-03
-5.45000E-03,-2.53248549E+00,-27.55967E-03
-5.40000E-03,-2.58524904E+00,-27.55967E-03
-5.35000E-03,-2.64836489E+00,-27.55967E-03
-5.30000E-03,-2.70323831E+00,-27.55967E-03
-5.25000E-03,-2.76374055E+00,-25.54949E-03
-5.20000E-03,-2.82364086E+00,-27.55967E-03
-5.15000E-03,-2.87620450E+00,-27.55967E-03
-5.10000E-03,-2.93007357E+00,-27.55967E-03
-5.05000E-03,-2.98735864E+00,-27.55967E-03
-5.00000E-03,-3.04263570E+00,-27.55967E-03
-4.95000E-03,-3.08454484E+00,-27.15780E-03
-4.90000E-03,-3.13680738E+00,-25.85099E-03
-4.85000E-03,-3.17580085E+00,-27.55967E-03
-4.80000E-03,-3.22183265E+00,-26.65501E-03
-4.75000E-03,-3.27379079E+00,-25.04711E-03
-4.70000E-03,-3.30474667E+00,-25.04711E-03
-4.65000E-03,-3.33660486E+00,-27.25830E-03
-4.60000E-03,-3.39278756E+00,-26.85629E-03
-4.55000E-03,-3.43097686E+00,-27.55967E-03
-4.50000E-03,-3.46323817E+00,-25.04711E-03
-4.45000E-03,-3.49549947E+00,-25.65026E-03
-4.40000E-03,-3.52987105E+00,-27.35853E-03
-4.35000E-03,-3.55881689E+00,-25.24798E-03
-4.30000E-03,-3.58806326E+00,-25.04711E-03
-4.25000E-03,-3.60896792E+00,-25.04711E-03
-4.20000E-03,-3.61298677E+00,-25.04711E-03
-4.15000E-03,-3.64565009E+00,-25.04711E-03
-4.10000E-03,-3.67549919E+00,-25.04711E-03
-4.05000E-03,-3.67580084E+00,-25.04711E-03
-4.00000E-03,-3.70846416E+00,-25.04711E-03
-3.95000E-03,-3.71097672E+00,-25.04711E-03
-3.90000E-03,-3.73992130E+00,-25.04711E-03
-3.85000E-03,-3.74112747E+00,-25.04711E-03
-3.80000E-03,-3.74112747E+00,-25.04711E-03
-3.75000E-03,-3.77379093E+00,-25.04711E-03
-3.70000E-03,-3.77338892E+00,-25.04711E-03
-3.65000E-03,-3.77379079E+00,-25.04711E-03
-3.60000E-03,-3.77379079E+00,-25.04711E-03
-3.55000E-03,-3.77127823E+00,-25.04711E-03
-3.50000E-03,-3.77178088E+00,-25.04711E-03
-3.45000E-03,-3.77127823E+00,-25.04711E-03
-3.40000E-03,-3.76906703E+00,-25.04711E-03
-3.35000E-03,-3.77198160E+00,-25.04711E-03
-3.30000E-03,-3.73861491E+00,-25.04711E-03
-3.25000E-03,-3.74012230E+00,-25.04711E-03
-3.20000E-03,-3.73067393E+00,-25.04711E-03
-3.15000E-03,-3.70343903E+00,-25.04711E-03
-3.10000E-03,-3.70323817E+00,-25.04711E-03
-3.05000E-03,-3.67017284E+00,-25.04711E-03
-3.00000E-03,-3.65871427E+00,-25.04711E-03
-2.95000E-03,-3.63811240E+00,-25.04711E-03
-2.90000E-03,-3.60725798E+00,-25.04711E-03
-2.85000E-03,-3.59198131E+00,-24.74546E-03
-2.80000E-03,-3.57328756E+00,-25.04711E-03
-2.75000E-03,-3.54062410E+00,-23.03692E-03
-2.70000E-03,-3.52002195E+00,-24.14273E-03
-2.65000E-03,-3.48122755E+00,-22.53455E-03
-2.60000E-03,-3.44172861E+00,-24.24295E-03
-2.55000E-03,-3.41760830E+00,-22.53455E-03
-2.50000E-03,-3.35670537E+00,-22.53455E-03
-2.45000E-03,-3.32695648E+00,-22.53455E-03
-2.40000E-03,-3.29389130E+00,-24.24324E-03
-2.35000E-03,-3.23921604E+00,-22.53455E-03
-2.30000E-03,-3.20052359E+00,-22.53455E-03
-2.25000E-03,-3.15670420E+00,-22.53455E-03
-2.20000E-03,-3.10253393E+00,-22.53455E-03
-2.15000E-03,-3.07057457E+00,-22.53455E-03
-2.10000E-03,-3.01589960E+00,-22.53455E-03
-2.05000E-03,-2.95931683E+00,-23.63993E-03
-2.00000E-03,-2.90846402E+00,-25.04711E-03
-1.95000E-03,-2.84987076E+00,-22.53455E-03
-1.90000E-03,-2.80444260E+00,-22.53455E-03
-1.85000E-03,-2.74615261E+00,-22.53455E-03
-1.80000E-03,-2.68635288E+00,-22.53455E-03
-1.75000E-03,-2.62605093E+00,-22.53455E-03
-1.70000E-03,-2.56806186E+00,-23.94144E-03
-1.65000E-03,-2.50645338E+00,-22.53455E-03
-1.60000E-03,-2.44755861E+00,-22.53455E-03
-1.55000E-03,-2.37037209E+00,-22.53455E-03
-1.50000E-03,-2.30896521E+00,-22.53455E-03
-1.45000E-03,-2.24494555E+00,-22.53455E-03
-1.40000E-03,-2.17077573E+00,-22.53455E-03
-1.35000E-03,-2.09730736E+00,-23.33872E-03
-1.30000E-03,-2.03650304E+00,-22.53455E-03
-1.25000E-03,-1.96725725E+00,-22.53455E-03
-1.20000E-03,-1.89218173E+00,-22.53455E-03
-1.15000E-03,-1.82554886E+00,-22.53455E-03
-1.10000E-03,-1.74424113E+00,-22.53455E-03
-1.05000E-03,-1.67107605E+00,-22.53455E-03
-1.00000E-03,-1.59238213E+00,-22.53455E-03
-950.00E-06,-1.53157826E+00,-22.53455E-03
-900.00E-06,-1.44394067E+00,-22.83591E-03
-850.00E-06,-1.36233233E+00,-21.83118E-03
-800.00E-06,-1.29127690E+00,-22.53455E-03
-750.00E-06,-1.20444273E+00,-24.04194E-03
-700.00E-06,-1.12072429E+00,-24.44394E-03
-650.00E-06,-1.04333720E+00,-22.53455E-03
-600.00E-06,-959.01559E-03,-22.73540E-03
-550.00E-06,-872.18142E-03,-23.13741E-03
-500.00E-06,-793.38775E-03,-22.53455E-03
-450.00E-06,-711.37710E-03,-22.53455E-03
-400.00E-06,-622.43283E-03,-22.53455E-03
-350.00E-06,-545.24690E-03,-22.53455E-03
-300.00E-06,-472.58434E-03,-22.53455E-03
-250.00E-06,-385.84991E-03,-22.53455E-03
-200.00E-06,-300.42247E-03,-22.53455E-03
-150.00E-06,-208.76479E-03,-22.53455E-03
-100.00E-06,-130.77484E-03,-22.53455E-03
-50.00E-06,-43.63855E-03,-22.53455E-03
+0.0E+00,+32.74305E-03,-22.53455E-03
+50.00E-06,+110.33084E-03,-22.53455E-03
+100.00E-06,+197.16516E-03,-22.53455E-03
+150.00E-06,+275.75859E-03,-21.22786E-03
+200.00E-06,+356.56215E-03,+2.08933E-03
+250.00E-06,+419.17460E-03,+46.81265E-03
+300.00E-06,+472.84295E-03,+90.83275E-03
+350.00E-06,+532.84356E-03,+141.18512E-03
+400.00E-06,+591.73819E-03,+197.96919E-03
+450.00E-06,+645.30541E-03,+249.72768E-03
+500.00E-06,+699.57692E-03,+300.07944E-03
+550.00E-06,+753.64758E-03,+351.63754E-03
+600.00E-06,+812.44094E-03,+407.91833E-03
+650.00E-06,+868.42099E-03,+463.89838E-03
+700.00E-06,+915.45647E-03,+510.93387E-03
+750.00E-06,+973.94878E-03,+562.89336E-03
+800.00E-06,+1.02460174E+00,+612.54144E-03
+850.00E-06,+1.07967743E+00,+667.61713E-03
+900.00E-06,+1.13445099E+00,+720.17979E-03
+950.00E-06,+1.18038094E+00,+768.32065E-03
+1.00000E-03,+1.23173742E+00,+817.66692E-03
+1.05000E-03,+1.28178829E+00,+866.31107E-03
+1.10000E-03,+1.33043042E+00,+918.37012E-03
+1.15000E-03,+1.38249212E+00,+969.62765E-03
+1.20000E-03,+1.42962718E+00,+1.01254176E+00
+1.25000E-03,+1.48751600E+00,+1.06791801E+00
+1.30000E-03,+1.52279301E+00,+1.10570759E+00
+1.35000E-03,+1.56882253E+00,+1.15173711E+00
+1.40000E-03,+1.62088315E+00,+1.19877260E+00
+1.45000E-03,+1.66450124E+00,+1.24580793E+00
+1.50000E-03,+1.70208965E+00,+1.28500423E+00
+1.55000E-03,+1.74460237E+00,+1.32731563E+00
+1.60000E-03,+1.78902322E+00,+1.36691267E+00
+1.65000E-03,+1.83354599E+00,+1.41143544E+00
+1.70000E-03,+1.86831986E+00,+1.45012907E+00
+1.75000E-03,+1.90811886E+00,+1.48852087E+00
+1.80000E-03,+1.95043041E+00,+1.53274182E+00
+1.85000E-03,+1.98329521E+00,+1.56409955E+00
+1.90000E-03,+2.01264131E+00,+1.59806845E+00
+1.95000E-03,+2.05726458E+00,+1.64269172E+00
+2.00000E-03,+2.09354694E+00,+1.67796922E+00
+2.05000E-03,+2.12761682E+00,+1.71304396E+00
+2.10000E-03,+2.16048098E+00,+1.74339556E+00
+2.15000E-03,+2.18560725E+00,+1.77103439E+00
+2.20000E-03,+2.21816974E+00,+1.80349654E+00
+2.25000E-03,+2.24831986E+00,+1.82972658E+00
+2.30000E-03,+2.27947628E+00,+1.85987829E+00
+2.35000E-03,+2.31284247E+00,+1.89193811E+00
+2.40000E-03,+2.33847029E+00,+1.91887231E+00
+2.45000E-03,+2.35806892E+00,+1.93847094E+00
+2.50000E-03,+2.38198900E+00,+1.96239086E+00
+2.55000E-03,+2.40128484E+00,+1.98168686E+00
+2.60000E-03,+2.43334611E+00,+2.01203942E+00
+2.65000E-03,+2.45646153E+00,+2.03304428E+00
+2.70000E-03,+2.46761666E+00,+2.04299355E+00
+2.75000E-03,+2.48902370E+00,+2.06188802E+00
+2.80000E-03,+2.50761618E+00,+2.07806861E+00
+2.85000E-03,+2.52520412E+00,+2.09806844E+00
+2.90000E-03,+2.53425015E+00,+2.10711448E+00
+2.95000E-03,+2.54640999E+00,+2.11816895E+00
+3.00000E-03,+2.56942506E+00,+2.13977683E+00
+3.05000E-03,+2.57344613E+00,+2.14379790E+00
+3.10000E-03,+2.58781702E+00,+2.15836995E+00
+3.15000E-03,+2.58821903E+00,+2.16088251E+00
+3.20000E-03,+2.60882270E+00,+2.18048132E+00
+3.25000E-03,+2.61063125E+00,+2.18249072E+00
+3.30000E-03,+2.60952556E+00,+2.18238989E+00
+3.35000E-03,+2.61063125E+00,+2.18098302E+00
+3.40000E-03,+2.63324432E+00,+2.20329441E+00
+3.45000E-03,+2.63314398E+00,+2.20108352E+00
+3.50000E-03,+2.63073176E+00,+2.20158587E+00
+3.55000E-03,+2.63073176E+00,+2.20108352E+00
+3.60000E-03,+2.61063125E+00,+2.17977682E+00
+3.65000E-03,+2.60982707E+00,+2.18098302E+00
+3.70000E-03,+2.60771652E+00,+2.17847045E+00
+3.75000E-03,+2.60811869E+00,+2.18098285E+00
+3.80000E-03,+2.58630932E+00,+2.15666108E+00
+3.85000E-03,+2.58550563E+00,+2.15756610E+00
+3.90000E-03,+2.58550563E+00,+2.15585739E+00
+3.95000E-03,+2.56198787E+00,+2.13485220E+00
+4.00000E-03,+2.55384602E+00,+2.12419778E+00
+4.05000E-03,+2.54027950E+00,+2.11304315E+00
+4.10000E-03,+2.52017899E+00,+2.09274198E+00
+4.15000E-03,+2.51364550E+00,+2.08650983E+00
+4.20000E-03,+2.50369642E+00,+2.07796794E+00
+4.25000E-03,+2.47997799E+00,+2.05535488E+00
+4.30000E-03,+2.45736492E+00,+2.03525438E+00
+4.35000E-03,+2.43495303E+00,+2.01515387E+00
+4.40000E-03,+2.41716392E+00,+1.99505337E+00
+4.45000E-03,+2.39455085E+00,+1.97244031E+00
+4.50000E-03,+2.37344549E+00,+1.95384751E+00
+4.55000E-03,+2.34409743E+00,+1.92449944E+00
+4.60000E-03,+2.32108218E+00,+1.90399676E+00
+4.65000E-03,+2.28620898E+00,+1.86912356E+00
+4.70000E-03,+2.26148536E+00,+1.84681217E+00
+4.75000E-03,+2.22520279E+00,+1.81012758E+00
+4.80000E-03,+2.19605839E+00,+1.77897297E+00
+4.85000E-03,+2.16630831E+00,+1.75173545E+00
+4.90000E-03,+2.13153595E+00,+1.72037984E+00
+4.95000E-03,+2.09897230E+00,+1.68691200E+00
+5.00000E-03,+2.06791719E+00,+1.65585672E+00
+5.05000E-03,+2.02681149E+00,+1.61475119E+00
+5.10000E-03,+1.99575622E+00,+1.57947464E+00
+5.15000E-03,+1.95585655E+00,+1.53877113E+00
+5.20000E-03,+1.92037967E+00,+1.50078168E+00
+5.25000E-03,+1.87646024E+00,+1.45937482E+00
+5.30000E-03,+1.83656057E+00,+1.41696259E+00
+5.35000E-03,+1.80148418E+00,+1.37967497E+00
+5.40000E-03,+1.75625822E+00,+1.33776610E+00
+5.45000E-03,+1.71274080E+00,+1.29676074E+00
+5.50000E-03,+1.67143410E+00,+1.25786643E+00
+5.55000E-03,+1.62128470E+00,+1.20359609E+00
+5.60000E-03,+1.57716325E+00,+1.15987665E+00
+5.65000E-03,+1.53434850E+00,+1.11706224E+00
+5.70000E-03,+1.48560597E+00,+1.07103311E+00
+5.75000E-03,+1.43927329E+00,+1.02470043E+00
+5.80000E-03,+1.39042924E+00,+979.47464E-03
+5.85000E-03,+1.34259004E+00,+933.04231E-03
+5.90000E-03,+1.29475085E+00,+882.99223E-03
+5.95000E-03,+1.24902289E+00,+839.47515E-03
+6.00000E-03,+1.18952454E+00,+779.97681E-03
+6.05000E-03,+1.14027865E+00,+730.73092E-03
+6.10000E-03,+1.09093141E+00,+683.89624E-03
+6.15000E-03,+1.03877112E+00,+632.54014E-03
+6.20000E-03,+986.40862E-03,+582.28819E-03
+6.25000E-03,+927.21367E-03,+525.20362E-03
+6.30000E-03,+874.34883E-03,+474.85135E-03
+6.35000E-03,+821.48451E-03,+421.98703E-03
+6.40000E-03,+767.31348E-03,+370.32856E-03
+6.45000E-03,+716.45904E-03,+321.98668E-03
+6.50000E-03,+657.86642E-03,+268.41919E-03
+6.55000E-03,+602.48954E-03,+215.55487E-03
+6.60000E-03,+544.90142E-03,+158.26809E-03
+6.65000E-03,+489.92655E-03,+109.82622E-03
+6.70000E-03,+433.84632E-03,+61.98703E-03
+6.75000E-03,+371.43391E-03,+12.64047E-03
+6.80000E-03,+304.90142E-03,-21.22836E-03
+6.85000E-03,+231.53389E-03,-30.07224E-03
+6.90000E-03,+146.81132E-03,-30.07224E-03
+6.95000E-03,+56.96103E-03,-30.07224E-03
+7.00000E-03,-25.04798E-03,-31.07709E-03
+7.05000E-03,-98.71597E-03,-30.07224E-03
+7.10000E-03,-187.56072E-03,-30.07224E-03
+7.15000E-03,-269.87332E-03,-30.07224E-03
+7.20000E-03,-360.52659E-03,-30.17256E-03
+7.25000E-03,-441.63194E-03,-30.07224E-03
+7.30000E-03,-520.32489E-03,-30.07224E-03
+7.35000E-03,-590.97903E-03,-30.07224E-03
+7.40000E-03,-681.43024E-03,-30.07224E-03
+7.45000E-03,-773.28919E-03,-29.67005E-03
+7.50000E-03,-851.68185E-03,-30.07206E-03
+7.55000E-03,-935.60162E-03,-30.07224E-03
+7.60000E-03,-1.02203378E+00,-30.07224E-03
+7.65000E-03,-1.09077715E+00,-30.07224E-03
+7.70000E-03,-1.17138034E+00,-30.07224E-03
+7.75000E-03,-1.26122888E+00,-29.56955E-03
+7.80000E-03,-1.33992288E+00,-30.07224E-03
+7.85000E-03,-1.42122994E+00,-29.77091E-03
+7.90000E-03,-1.50072655E+00,-28.26301E-03
+7.95000E-03,-1.56896811E+00,-28.96689E-03
+8.00000E-03,-1.64916787E+00,-30.07224E-03
+8.05000E-03,-1.72454635E+00,-28.16287E-03
+8.10000E-03,-1.80012353E+00,-29.87105E-03
+8.15000E-03,-1.87479761E+00,-29.87141E-03
+8.20000E-03,-1.94223373E+00,-28.16251E-03
+8.25000E-03,-2.01751118E+00,-28.56452E-03
+8.30000E-03,-2.08082687E+00,-27.55967E-03
+8.35000E-03,-2.14555085E+00,-27.55967E-03
+8.40000E-03,-2.22062622E+00,-27.55967E-03
+8.45000E-03,-2.28112785E+00,-27.55967E-03
+8.50000E-03,-2.35168114E+00,-27.55967E-03
+8.55000E-03,-2.41680642E+00,-27.55967E-03
+8.60000E-03,-2.48223337E+00,-27.55967E-03
+8.65000E-03,-2.54987282E+00,-29.26804E-03
+8.70000E-03,-2.59861636E+00,-27.55967E-03
+8.75000E-03,-2.66323893E+00,-27.55967E-03
+8.80000E-03,-2.72283746E+00,-27.55967E-03
+8.85000E-03,-2.78344138E+00,-27.55967E-03
+8.90000E-03,-2.83841589E+00,-27.55967E-03
+8.95000E-03,-2.89047494E+00,-28.46438E-03
+9.00000E-03,-2.95218276E+00,-27.55967E-03
+9.05000E-03,-2.99339059E+00,-27.55967E-03
+9.10000E-03,-3.05047403E+00,-27.55967E-03
+9.15000E-03,-3.09730983E+00,-27.55967E-03
+9.20000E-03,-3.14173031E+00,-27.55967E-03
+9.25000E-03,-3.18535076E+00,-27.55967E-03
+9.30000E-03,-3.23801172E+00,-27.55967E-03
+9.35000E-03,-3.27519910E+00,-25.24830E-03
+9.40000E-03,-3.32937068E+00,-27.35885E-03
+9.45000E-03,-3.35821472E+00,-25.64994E-03
+9.50000E-03,-3.39841409E+00,-27.55967E-03
+9.55000E-03,-3.42816283E+00,-27.55967E-03
+9.60000E-03,-3.46223300E+00,-25.75081E-03
+9.65000E-03,-3.49449558E+00,-27.25798E-03
+9.70000E-03,-3.52755964E+00,-27.55967E-03
+9.75000E-03,-3.55821272E+00,-27.05734E-03
+9.80000E-03,-3.59127805E+00,-25.95145E-03
+9.85000E-03,-3.61047421E+00,-25.04711E-03
+9.90000E-03,-3.61932044E+00,-25.04711E-03
+9.95000E-03,-3.64273533E+00,-25.04711E-03
+10.00000E-03,-3.67328828E+00,-25.04711E-03
+10.05000E-03,-3.69268673E+00,-25.04711E-03
+10.10000E-03,-3.70675543E+00,-23.33838E-03
+10.15000E-03,-3.70725831E+00,-25.04711E-03
+10.20000E-03,-3.73861491E+00,-25.04711E-03
+10.25000E-03,-3.73660504E+00,-25.04711E-03
+10.30000E-03,-3.73489871E+00,-25.04711E-03
+10.35000E-03,-3.77097690E+00,-25.04711E-03
+10.40000E-03,-3.77127823E+00,-25.04711E-03
+10.45000E-03,-3.76987101E+00,-25.04711E-03
+10.50000E-03,-3.77127823E+00,-25.04711E-03
+10.55000E-03,-3.77127823E+00,-25.65031E-03
+10.60000E-03,-3.77358960E+00,-25.04711E-03
+10.65000E-03,-3.77358997E+00,-25.04711E-03
+10.70000E-03,-3.77007257E+00,-25.04711E-03
+10.75000E-03,-3.75971932E+00,-25.04711E-03
+10.80000E-03,-3.73499663E+00,-25.04711E-03
+10.85000E-03,-3.73972007E+00,-25.04711E-03
+10.90000E-03,-3.70313734E+00,-25.04711E-03
+10.95000E-03,-3.70102678E+00,-25.04711E-03
+11.00000E-03,-3.70343903E+00,-24.54478E-03
+11.05000E-03,-3.67238394E+00,-23.43888E-03
+11.10000E-03,-3.63680605E+00,-23.84089E-03
+11.15000E-03,-3.62846191E+00,-22.53455E-03
+11.20000E-03,-3.60585128E+00,-25.04711E-03
+11.25000E-03,-3.58283620E+00,-22.53455E-03
+11.30000E-03,-3.55177999E+00,-25.04711E-03
+11.35000E-03,-3.52494601E+00,-22.53455E-03
+11.40000E-03,-3.49811034E+00,-22.53455E-03
+11.45000E-03,-3.46434243E+00,-25.04711E-03
+11.50000E-03,-3.42203200E+00,-25.04711E-03
+11.55000E-03,-3.38926799E+00,-25.04711E-03
+11.60000E-03,-3.35419280E+00,-22.53455E-03
+11.65000E-03,-3.32404205E+00,-22.53455E-03
+11.70000E-03,-3.27449205E+00,-22.53455E-03
+11.75000E-03,-3.22605210E+00,-22.53455E-03
+11.80000E-03,-3.18976956E+00,-24.44391E-03
+11.85000E-03,-3.13268489E+00,-24.84592E-03
+11.90000E-03,-3.09539884E+00,-22.73536E-03
+11.95000E-03,-3.04363815E+00,-22.53455E-03
+12.00000E-03,-3.00595141E+00,-22.53455E-03
+12.05000E-03,-2.94323822E+00,-22.53455E-03
+12.10000E-03,-2.89198042E+00,-22.53455E-03
+12.15000E-03,-2.84263407E+00,-20.32368E-03
+12.20000E-03,-2.78193036E+00,-22.53455E-03
+12.25000E-03,-2.72454229E+00,-22.53455E-03
+12.30000E-03,-2.66042244E+00,-22.53455E-03
+12.35000E-03,-2.60102470E+00,-25.04711E-03
+12.40000E-03,-2.55891433E+00,-25.04711E-03
+12.45000E-03,-2.49047212E+00,-24.64491E-03
+12.50000E-03,-2.42956741E+00,-22.53455E-03
+12.55000E-03,-2.36464488E+00,-22.53455E-03
+12.60000E-03,-2.28594931E+00,-22.53455E-03
+12.65000E-03,-2.21911495E+00,-22.53455E-03
+12.70000E-03,-2.15007049E+00,-22.53455E-03
+12.75000E-03,-2.07228308E+00,-22.53455E-03
+12.80000E-03,-2.01630107E+00,-22.53455E-03
+12.85000E-03,-1.94836290E+00,-22.53455E-03
+12.90000E-03,-1.86946709E+00,-22.53455E-03
+12.95000E-03,-1.80022143E+00,-23.94178E-03
+13.00000E-03,-1.72454381E+00,-23.53977E-03
+13.05000E-03,-1.64142765E+00,-22.53455E-03
+13.10000E-03,-1.56213194E+00,-22.53455E-03
+13.15000E-03,-1.49670365E+00,-22.53455E-03
+13.20000E-03,-1.41670307E+00,-22.53455E-03
+13.25000E-03,-1.33459425E+00,-22.53455E-03
+13.30000E-03,-1.25770848E+00,-22.53455E-03
+13.35000E-03,-1.17017118E+00,-22.53455E-03
+13.40000E-03,-1.09047268E+00,-22.53455E-03
+13.45000E-03,-1.01811126E+00,-24.94680E-03
+13.50000E-03,-931.07473E-03,-22.53455E-03
+13.55000E-03,-847.75989E-03,-22.53455E-03
+13.60000E-03,-765.34725E-03,-22.53455E-03
+13.65000E-03,-682.12981E-03,-22.53455E-03
+13.70000E-03,-594.29158E-03,-22.53455E-03
+13.75000E-03,-517.50805E-03,-22.53455E-03
+13.80000E-03,-444.94524E-03,-22.53455E-03
+13.85000E-03,-357.10487E-03,-22.53455E-03
+13.90000E-03,-273.48815E-03,-22.53455E-03
+13.95000E-03,-182.23226E-03,-22.53455E-03
+14.00000E-03,-101.42745E-03,-22.53455E-03
+14.05000E-03,-19.21640E-03,-22.53455E-03
+14.10000E-03,+61.78941E-03,-22.53455E-03
+14.15000E-03,+148.12087E-03,-22.53455E-03
+14.20000E-03,+227.11487E-03,-22.53455E-03
+14.25000E-03,+306.61314E-03,-18.01154E-03
+14.30000E-03,+381.18542E-03,+15.65739E-03
+14.35000E-03,+438.27045E-03,+58.87347E-03
+14.40000E-03,+486.91327E-03,+102.69198E-03
+14.45000E-03,+551.03388E-03,+158.47126E-03
+14.50000E-03,+609.12551E-03,+217.16572E-03
+14.55000E-03,+666.41116E-03,+268.01940E-03
+14.60000E-03,+719.67749E-03,+318.37116E-03
+14.65000E-03,+773.84893E-03,+371.83889E-03
+14.70000E-03,+828.52210E-03,+424.09980E-03
+14.75000E-03,+878.47086E-03,+473.94826E-03
+14.80000E-03,+935.05497E-03,+528.01980E-03
+14.85000E-03,+992.24050E-03,+581.48654E-03
+14.90000E-03,+1.03997979E+00,+627.11527E-03
+14.95000E-03,+1.10259206E+00,+688.01920E-03
+15.00000E-03,+1.14580834E+00,+731.23548E-03
+15.05000E-03,+1.19827085E+00,+783.69799E-03
+15.10000E-03,+1.24731568E+00,+833.54664E-03
+15.15000E-03,+1.29817035E+00,+886.11005E-03
+15.20000E-03,+1.34379809E+00,+930.83307E-03
+15.25000E-03,+1.39857156E+00,+983.99870E-03
+15.30000E-03,+1.44520493E+00,+1.02570765E+00
+15.35000E-03,+1.49666202E+00,+1.07676272E+00
+15.40000E-03,+1.53857216E+00,+1.12078342E+00
+15.45000E-03,+1.58168814E+00,+1.16209016E+00
+15.50000E-03,+1.63022965E+00,+1.20912433E+00
+15.55000E-03,+1.67585820E+00,+1.25877277E+00
+15.60000E-03,+1.71927508E+00,+1.29967710E+00
+15.65000E-03,+1.76038101E+00,+1.34058222E+00
+15.70000E-03,+1.80359709E+00,+1.38148654E+00
+15.75000E-03,+1.84379769E+00,+1.42068232E+00
+15.80000E-03,+1.88279267E+00,+1.46319468E+00
+15.85000E-03,+1.92138624E+00,+1.49927569E+00
+15.90000E-03,+1.95415006E+00,+1.53234122E+00
+15.95000E-03,+1.99475247E+00,+1.57515448E+00
+16.00000E-03,+2.03224051E+00,+1.61515509E+00
+16.05000E-03,+2.06822081E+00,+1.65274363E+00
+16.10000E-03,+2.10178724E+00,+1.68721438E+00
+16.15000E-03,+2.14158623E+00,+1.72450081E+00
+16.20000E-03,+2.16791870E+00,+1.74872293E+00
+16.25000E-03,+2.20610864E+00,+1.78902322E+00
+16.30000E-03,+2.22580734E+00,+1.80661116E+00
+16.35000E-03,+2.26420092E+00,+1.84540675E+00
+16.40000E-03,+2.29153578E+00,+1.87073197E+00
+16.45000E-03,+2.31595830E+00,+1.89636031E+00
+16.50000E-03,+2.33977821E+00,+1.92018022E+00
+16.55000E-03,+2.36972734E+00,+1.94771750E+00
+16.60000E-03,+2.39585820E+00,+1.97404896E+00
+16.65000E-03,+2.41686323E+00,+1.99475268E+00
+16.70000E-03,+2.44118422E+00,+2.01656111E+00
+16.75000E-03,+2.46239005E+00,+2.03927427E+00
+16.80000E-03,+2.48118443E+00,+2.05465197E+00
+16.85000E-03,+2.50068212E+00,+2.07354645E+00
+16.90000E-03,+2.50972714E+00,+2.08259147E+00
+16.95000E-03,+2.52520412E+00,+2.09555588E+00
+17.00000E-03,+2.54530462E+00,+2.11565638E+00
+17.05000E-03,+2.55083328E+00,+2.12259188E+00
+17.10000E-03,+2.56791769E+00,+2.13826945E+00
+17.15000E-03,+2.58831990E+00,+2.16088251E+00
+17.20000E-03,+2.59043045E+00,+2.16078222E+00
+17.25000E-03,+2.59002844E+00,+2.16088251E+00
+17.30000E-03,+2.61223950E+00,+2.18098302E+00
+17.35000E-03,+2.61314382E+00,+2.18218925E+00
+17.40000E-03,+2.61233959E+00,+2.18098302E+00
+17.45000E-03,+2.61063125E+00,+2.18098302E+00
+17.50000E-03,+2.63324432E+00,+2.20359588E+00
+17.55000E-03,+2.63284252E+00,+2.20319428E+00
+17.60000E-03,+2.63244051E+00,+2.20279227E+00
+17.65000E-03,+2.63193758E+00,+2.20228934E+00
+17.70000E-03,+2.60972652E+00,+2.18007829E+00
+17.75000E-03,+2.61012853E+00,+2.17847045E+00
+17.80000E-03,+2.61063125E+00,+2.17847045E+00
+17.85000E-03,+2.61032995E+00,+2.18068172E+00
+17.90000E-03,+2.58550563E+00,+2.15585739E+00
+17.95000E-03,+2.58550563E+00,+2.15696271E+00
+18.00000E-03,+2.57796690E+00,+2.14982599E+00
+18.05000E-03,+2.56540512E+00,+2.13575689E+00
+18.10000E-03,+2.54299327E+00,+2.11334503E+00
+18.15000E-03,+2.54279206E+00,+2.11314382E+00
+18.20000E-03,+2.52078180E+00,+2.09244051E+00
+18.25000E-03,+2.50610843E+00,+2.07746501E+00
+18.30000E-03,+2.49093151E+00,+2.06379583E+00
+18.35000E-03,+2.47324307E+00,+2.04861995E+00
+18.40000E-03,+2.45645977E+00,+2.03404751E+00
+18.45000E-03,+2.43726442E+00,+2.01515387E+00
+18.50000E-03,+2.40661032E+00,+1.98651003E+00
+18.55000E-03,+2.38560529E+00,+1.96510299E+00
+18.60000E-03,+2.35846898E+00,+1.93756467E+00
+18.65000E-03,+2.32751589E+00,+1.90962624E+00
+18.70000E-03,+2.30701338E+00,+1.88741539E+00
+18.75000E-03,+2.27897170E+00,+1.86439863E+00
+18.80000E-03,+2.24872045E+00,+1.83163502E+00
+18.85000E-03,+2.21696271E+00,+1.80158604E+00
+18.90000E-03,+2.19203724E+00,+1.77495182E+00
+18.95000E-03,+2.15585739E+00,+1.73877197E+00
+19.00000E-03,+2.12470013E+00,+1.71012727E+00
+19.05000E-03,+2.08761534E+00,+1.67545433E+00
+19.10000E-03,+2.05243882E+00,+1.64037853E+00
+19.15000E-03,+2.01726379E+00,+1.60269093E+00
+19.20000E-03,+1.98500312E+00,+1.56902301E+00
+19.25000E-03,+1.94228955E+00,+1.52520413E+00
+19.30000E-03,+1.90661010E+00,+1.48952468E+00
+19.35000E-03,+1.87284062E+00,+1.45595641E+00
+19.40000E-03,+1.82731404E+00,+1.40771606E+00
+19.45000E-03,+1.79083163E+00,+1.37123364E+00
+19.50000E-03,+1.74580672E+00,+1.32872129E+00
+19.55000E-03,+1.69726273E+00,+1.28520243E+00
+19.60000E-03,+1.65846897E+00,+1.24319238E+00
+19.65000E-03,+1.61826775E+00,+1.20118233E+00
+19.70000E-03,+1.55866976E+00,+1.14158434E+00
+19.75000E-03,+1.51866997E+00,+1.10359481E+00
+19.80000E-03,+1.47515324E+00,+1.06058038E+00
+19.85000E-03,+1.42600794E+00,+1.01394764E+00
+19.90000E-03,+1.37635841E+00,+965.10235E-03
+19.95000E-03,+1.32510277E+00,+915.55504E-03
+20.00000E-03,+1.27645956E+00,+869.42417E-03
+20.05000E-03,+1.23324326E+00,+823.69553E-03
+20.10000E-03,+1.17997693E+00,+770.42920E-03
+20.15000E-03,+1.12942502E+00,+722.38985E-03
+20.20000E-03,+1.07485044E+00,+668.72001E-03
+20.25000E-03,+1.02218777E+00,+615.65533E-03
+20.30000E-03,+969.32345E-03,+564.80084E-03
+20.35000E-03,+913.64527E-03,+513.84650E-03
+20.40000E-03,+860.78160E-03,+461.98741E-03
+20.45000E-03,+801.78554E-03,+406.20787E-03
+20.50000E-03,+749.32323E-03,+352.33831E-03
+20.55000E-03,+694.95159E-03,+301.68569E-03
+20.60000E-03,+641.68482E-03,+252.43881E-03
+20.65000E-03,+582.08683E-03,+195.15216E-03
+20.70000E-03,+529.52510E-03,+145.10299E-03
+20.75000E-03,+472.94218E-03,+95.05296E-03
+20.80000E-03,+411.63522E-03,+43.39423E-03
+20.85000E-03,+351.93629E-03,-223.86E-06
+20.90000E-03,+281.88604E-03,-27.86140E-03
+20.95000E-03,+199.57383E-03,-32.58480E-03
+21.00000E-03,+120.17706E-03,-32.58480E-03
+21.05000E-03,+34.24720E-03,-30.07224E-03
+21.10000E-03,-43.54110E-03,-30.07224E-03
+21.15000E-03,-121.93327E-03,-30.07224E-03
+21.20000E-03,-208.26580E-03,-30.07224E-03
+21.25000E-03,-296.40585E-03,-30.07224E-03
+21.30000E-03,-383.24003E-03,-30.07224E-03
+21.35000E-03,-468.36544E-03,-30.07224E-03
+21.40000E-03,-539.11855E-03,-30.07224E-03
+21.45000E-03,-620.42639E-03,-30.07224E-03
+21.50000E-03,-708.46638E-03,-30.07224E-03
+21.55000E-03,-792.08381E-03,-29.97151E-03
+21.60000E-03,-870.27433E-03,-29.77095E-03
+21.65000E-03,-963.84370E-03,-30.07224E-03
+21.70000E-03,-1.04354088E+00,-30.07224E-03
+21.75000E-03,-1.11700887E+00,-30.07224E-03
+21.80000E-03,-1.19881792E+00,-29.46900E-03
+21.85000E-03,-1.28022452E+00,-27.55967E-03
+21.90000E-03,-1.35841481E+00,-30.07224E-03
+21.95000E-03,-1.44364226E+00,-27.55967E-03
+22.00000E-03,-1.52705891E+00,-28.56448E-03
+22.05000E-03,-1.59107989E+00,-27.55967E-03
+22.10000E-03,-1.66635539E+00,-27.55967E-03
+22.15000E-03,-1.74384305E+00,-27.55967E-03
+22.20000E-03,-1.82334010E+00,-27.55967E-03
+22.25000E-03,-1.89891887E+00,-30.07224E-03
+22.30000E-03,-1.96253630E+00,-27.55967E-03
+22.35000E-03,-2.03861604E+00,-28.86598E-03
+22.40000E-03,-2.09258677E+00,-27.55967E-03
+22.45000E-03,-2.17318912E+00,-27.55967E-03
+22.50000E-03,-2.24615350E+00,-27.55967E-03
+22.55000E-03,-2.30917035E+00,-27.55967E-03
+22.60000E-03,-2.37449565E+00,-27.55967E-03
+22.65000E-03,-2.43861604E+00,-27.55967E-03
+22.70000E-03,-2.49942006E+00,-27.55967E-03
+22.75000E-03,-2.57328851E+00,-27.55967E-03
+22.80000E-03,-2.62323848E+00,-27.55967E-03
+22.85000E-03,-2.67841570E+00,-25.34839E-03
+22.90000E-03,-2.74163223E+00,-25.04711E-03
+22.95000E-03,-2.79308795E+00,-27.55967E-03
+23.00000E-03,-2.85519806E+00,-27.55967E-03
+23.05000E-03,-2.90997282E+00,-25.65035E-03
+23.10000E-03,-2.94957238E+00,-27.35844E-03
+23.15000E-03,-3.01379214E+00,-25.04711E-03
+23.20000E-03,-3.05660621E+00,-25.04711E-03
+23.25000E-03,-3.10193172E+00,-25.04711E-03
+23.30000E-03,-3.14916992E+00,-25.04711E-03
+23.35000E-03,-3.20273529E+00,-25.04711E-03
+23.40000E-03,-3.23851621E+00,-25.04711E-03
+23.45000E-03,-3.30022565E+00,-25.04711E-03
+23.50000E-03,-3.33409230E+00,-25.04711E-03
+23.55000E-03,-3.36333876E+00,-25.04711E-03
+23.60000E-03,-3.40414390E+00,-25.04711E-03
+23.65000E-03,-3.43439516E+00,-25.04711E-03
+23.70000E-03,-3.47168272E+00,-25.04711E-03
+23.75000E-03,-3.51499772E+00,-25.04688E-03
+23.80000E-03,-3.52675607E+00,-25.04711E-03
+23.85000E-03,-3.55519783E+00,-25.04711E-03
+23.90000E-03,-3.58906695E+00,-25.04711E-03
+23.95000E-03,-3.61047421E+00,-23.43930E-03
+24.00000E-03,-3.64313752E+00,-25.04711E-03
+24.05000E-03,-3.64153152E+00,-22.53455E-03
+24.10000E-03,-3.67549956E+00,-22.53455E-03
+24.15000E-03,-3.70665488E+00,-22.53455E-03
+24.20000E-03,-3.70816219E+00,-23.94181E-03
+24.25000E-03,-3.71550092E+00,-23.53980E-03
+24.30000E-03,-3.73921815E+00,-23.13779E-03
+24.35000E-03,-3.74072501E+00,-22.73578E-03
+24.40000E-03,-3.76886890E+00,-22.53455E-03
+24.45000E-03,-3.76876566E+00,-23.13733E-03
+24.50000E-03,-3.76977046E+00,-22.53455E-03
+24.55000E-03,-3.76906671E+00,-22.53455E-03
+24.60000E-03,-3.76946941E+00,-22.53455E-03
+24.65000E-03,-3.77127823E+00,-24.74537E-03
+24.70000E-03,-3.76876566E+00,-22.53455E-03
+24.75000E-03,-3.76826338E+00,-22.53455E-03
+24.80000E-03,-3.76946964E+00,-21.63025E-03
+24.85000E-03,-3.73610235E+00,-22.53455E-03
+24.90000E-03,-3.73348997E+00,-22.53455E-03
+24.95000E-03,-3.73188170E+00,-22.53455E-03
+25.00000E-03,-3.70092670E+00,-22.53455E-03
+25.05000E-03,-3.70303725E+00,-22.53455E-03
+25.10000E-03,-3.67800983E+00,-22.53455E-03
+25.15000E-03,-3.66956991E+00,-22.53455E-03
+25.20000E-03,-3.63811240E+00,-22.53455E-03
+25.25000E-03,-3.60544908E+00,-22.53455E-03
+25.30000E-03,-3.60524762E+00,-22.53455E-03
+25.35000E-03,-3.58504730E+00,-22.53455E-03
+25.40000E-03,-3.54946941E+00,-22.53455E-03
+25.45000E-03,-3.51891665E+00,-22.53455E-03
+25.50000E-03,-3.48735863E+00,-21.52929E-03
+25.55000E-03,-3.45409207E+00,-22.53455E-03
+25.60000E-03,-3.42183076E+00,-22.53455E-03
+25.65000E-03,-3.38705689E+00,-22.53455E-03
+25.70000E-03,-3.34333691E+00,-22.53455E-03
+25.75000E-03,-3.30343625E+00,-22.53455E-03
+25.80000E-03,-3.25982118E+00,-22.53455E-03
+25.85000E-03,-3.22394085E+00,-22.53455E-03
+25.90000E-03,-3.16765968E+00,-22.53455E-03
+25.95000E-03,-3.12816242E+00,-22.53455E-03
+26.00000E-03,-3.08182914E+00,-22.53455E-03
+26.05000E-03,-3.03921817E+00,-24.14282E-03
+26.10000E-03,-2.98393992E+00,-22.53455E-03
+26.15000E-03,-2.93489423E+00,-22.53455E-03
+26.20000E-03,-2.87479466E+00,-25.04711E-03
+26.25000E-03,-2.81901623E+00,-22.53455E-03
+26.30000E-03,-2.75640083E+00,-22.53455E-03
+26.35000E-03,-2.70826176E+00,-22.53455E-03
+26.40000E-03,-2.65057425E+00,-22.53455E-03
+26.45000E-03,-2.57851395E+00,-22.53455E-03
+26.50000E-03,-2.52806122E+00,-20.52473E-03
+26.55000E-03,-2.46464484E+00,-22.43381E-03
+26.60000E-03,-2.40122658E+00,-20.32326E-03
+26.65000E-03,-2.33760873E+00,-22.53455E-03
+26.70000E-03,-2.26374055E+00,-21.42925E-03
+26.75000E-03,-2.19288440E+00,-22.53455E-03
+26.80000E-03,-2.12645154E+00,-22.53455E-03
+26.85000E-03,-2.06655321E+00,-22.53455E-03
+26.90000E-03,-1.98956711E+00,-22.53455E-03
+26.95000E-03,-1.92373891E+00,-22.53455E-03
+27.00000E-03,-1.84866353E+00,-22.53455E-03
+27.05000E-03,-1.77951639E+00,-20.02198E-03
+27.10000E-03,-1.70172909E+00,-22.53455E-03
+27.15000E-03,-1.62504473E+00,-22.53455E-03
+27.20000E-03,-1.54343716E+00,-22.53455E-03
+27.25000E-03,-1.46926607E+00,-22.53455E-03
+27.30000E-03,-1.39087387E+00,-21.63026E-03
+27.35000E-03,-1.31419188E+00,-21.22825E-03
+27.40000E-03,-1.23559749E+00,-22.53455E-03
+27.45000E-03,-1.14404112E+00,-22.53455E-03
+27.50000E-03,-1.06524621E+00,-22.53455E-03
+27.55000E-03,-993.08540E-03,-22.13277E-03
+27.60000E-03,-904.94422E-03,-20.82577E-03
+27.65000E-03,-823.63816E-03,-22.53455E-03
+27.70000E-03,-744.44099E-03,-22.53455E-03
+27.75000E-03,-656.70349E-03,-22.53455E-03
+27.80000E-03,-569.76953E-03,-22.53455E-03
+27.85000E-03,-495.39648E-03,-22.53455E-03
+27.90000E-03,-418.31129E-03,-22.53455E-03
+27.95000E-03,-332.28042E-03,-22.53455E-03
+28.00000E-03,-243.63768E-03,-22.53455E-03
+28.05000E-03,-161.52785E-03,-20.62524E-03
+28.10000E-03,-82.93369E-03,-22.53455E-03
+28.15000E-03,-1.12608E-03,-22.53455E-03
+28.20000E-03,+81.28622E-03,-22.53455E-03
+28.25000E-03,+171.93877E-03,-21.02677E-03
+28.30000E-03,+251.83851E-03,-21.12775E-03
+28.35000E-03,+332.34174E-03,-7.86046E-03
+28.40000E-03,+403.59730E-03,+33.94882E-03
+28.45000E-03,+454.35107E-03,+75.05435E-03
+28.50000E-03,+505.10484E-03,+120.68273E-03
+28.55000E-03,+569.12542E-03,+178.77391E-03
+28.60000E-03,+626.71288E-03,+234.75309E-03
+28.65000E-03,+683.39582E-03,+286.41090E-03
+28.70000E-03,+738.67292E-03,+339.17544E-03
+28.75000E-03,+796.56189E-03,+394.55184E-03
+28.80000E-03,+844.80333E-03,+442.79329E-03
+28.85000E-03,+895.65833E-03,+491.93950E-03
+28.90000E-03,+951.33600E-03,+546.81339E-03
+28.95000E-03,+1.00942572E+00,+600.78275E-03
+29.00000E-03,+1.06188949E+00,+649.82919E-03
+29.05000E-03,+1.12088301E+00,+708.82271E-03
+29.10000E-03,+1.16188876E+00,+747.61717E-03
+29.15000E-03,+1.21515509E+00,+802.39152E-03
+29.20000E-03,+1.26450158E+00,+852.44129E-03
+29.25000E-03,+1.31766790E+00,+905.60760E-03
+29.30000E-03,+1.35917592E+00,+947.11563E-03
+29.35000E-03,+1.41274255E+00,+997.96844E-03
+29.40000E-03,+1.46098473E+00,+1.04389930E+00
+29.45000E-03,+1.50319384E+00,+1.08550564E+00
+29.50000E-03,+1.55485310E+00,+1.13525512E+00
+29.55000E-03,+1.60078372E+00,+1.17977895E+00
+29.60000E-03,+1.64389955E+00,+1.22681412E+00
+29.65000E-03,+1.69193853E+00,+1.27706392E+00
+29.70000E-03,+1.73555759E+00,+1.31847217E+00
+29.75000E-03,+1.77796966E+00,+1.35636138E+00
+29.80000E-03,+1.82450256E+00,+1.40400030E+00
+29.85000E-03,+1.85656238E+00,+1.43696439E+00
+29.90000E-03,+1.89354706E+00,+1.47565737E+00
+29.95000E-03,+1.93425058E+00,+1.51676290E+00
+30.00000E-03,+1.97495311E+00,+1.55786745E+00
+30.05000E-03,+2.01234152E+00,+1.59525610E+00
+30.10000E-03,+2.04460209E+00,+1.62922546E+00
+30.15000E-03,+2.07927472E+00,+1.66470186E+00
+30.20000E-03,+2.11515510E+00,+1.70058224E+00
+30.25000E-03,+2.14681265E+00,+1.73022999E+00
+30.30000E-03,+2.18590739E+00,+1.76892272E+00
+30.35000E-03,+2.20610864E+00,+1.78902322E+00
+30.40000E-03,+2.24138675E+00,+1.82430133E+00
+30.45000E-03,+2.27143528E+00,+1.85294257E+00
+30.50000E-03,+2.29455159E+00,+1.87646090E+00
+30.55000E-03,+2.32912471E+00,+1.90952672E+00
+30.60000E-03,+2.35666116E+00,+1.93706317E+00
+30.65000E-03,+2.37716367E+00,+1.95756569E+00
+30.70000E-03,+2.39957598E+00,+1.97806820E+00
+30.75000E-03,+2.42118427E+00,+2.00007850E+00
+30.80000E-03,+2.44369633E+00,+2.01907322E+00
+30.85000E-03,+2.46490261E+00,+2.04027950E+00
+30.90000E-03,+2.48751568E+00,+2.06038000E+00
+30.95000E-03,+2.50771643E+00,+2.08058076E+00
+31.00000E-03,+2.52369733E+00,+2.09404909E+00
+31.05000E-03,+2.52771668E+00,+2.09967673E+00
+31.10000E-03,+2.55032975E+00,+2.12198779E+00
+31.15000E-03,+2.56791769E+00,+2.13826945E+00
+31.20000E-03,+2.56791769E+00,+2.14037975E+00
+31.25000E-03,+2.58801844E+00,+2.16088251E+00
+31.30000E-03,+2.59053075E+00,+2.16128428E+00
+31.35000E-03,+2.59223954E+00,+2.16339508E+00
+31.40000E-03,+2.61183703E+00,+2.18098302E+00
+31.45000E-03,+2.61063125E+00,+2.18259081E+00
+31.50000E-03,+2.61264105E+00,+2.18299282E+00
+31.55000E-03,+2.61133652E+00,+2.18168828E+00
+31.60000E-03,+2.63324432E+00,+2.20580739E+00
+31.65000E-03,+2.63324432E+00,+2.20429935E+00
+31.70000E-03,+2.63324432E+00,+2.20359608E+00
+31.75000E-03,+2.62620739E+00,+2.19655915E+00
+31.80000E-03,+2.61063125E+00,+2.18037975E+00
+31.85000E-03,+2.60811869E+00,+2.18078176E+00
+31.90000E-03,+2.60811869E+00,+2.17867121E+00
+31.95000E-03,+2.60108226E+00,+2.17143402E+00
+32.00000E-03,+2.58651040E+00,+2.15836995E+00
+32.05000E-03,+2.58661140E+00,+2.15836995E+00
+32.10000E-03,+2.56359633E+00,+2.13575689E+00
+32.15000E-03,+2.56289256E+00,+2.13575689E+00
+32.20000E-03,+2.54037975E+00,+2.11565638E+00
+32.25000E-03,+2.52469934E+00,+2.09706140E+00
+32.30000E-03,+2.51947497E+00,+2.09143503E+00
+32.35000E-03,+2.50259105E+00,+2.07545538E+00
+32.40000E-03,+2.48168628E+00,+2.05535488E+00
+32.45000E-03,+2.45776719E+00,+2.03525438E+00
+32.50000E-03,+2.43977648E+00,+2.01766593E+00
+32.55000E-03,+2.41535285E+00,+1.99535311E+00
+32.60000E-03,+2.39444959E+00,+1.97485161E+00
+32.65000E-03,+2.37555512E+00,+1.95595713E+00
+32.70000E-03,+2.34841995E+00,+1.92882196E+00
+32.75000E-03,+2.32872146E+00,+1.91113327E+00
+32.80000E-03,+2.30570435E+00,+1.88861893E+00
+32.85000E-03,+2.26319255E+00,+1.84580587E+00
+32.90000E-03,+2.24058126E+00,+1.82168654E+00
+32.95000E-03,+2.20741314E+00,+1.79143299E+00
+33.00000E-03,+2.17897246E+00,+1.76188704E+00
+33.05000E-03,+2.14660938E+00,+1.73203652E+00
+33.10000E-03,+2.11043000E+00,+1.69816844E+00
+33.15000E-03,+2.07183551E+00,+1.65746340E+00
+33.20000E-03,+2.04781719E+00,+1.63264157E+00
+33.25000E-03,+2.00711316E+00,+1.59153553E+00
+33.30000E-03,+1.97083073E+00,+1.55374531E+00
+33.35000E-03,+1.93806691E+00,+1.52027772E+00
+33.40000E-03,+1.89686012E+00,+1.47756389E+00
+33.45000E-03,+1.85485109E+00,+1.43766542E+00
+33.50000E-03,+1.81967623E+00,+1.39806794E+00
+33.55000E-03,+1.77756491E+00,+1.35887119E+00
+33.60000E-03,+1.73274053E+00,+1.31686140E+00
+33.65000E-03,+1.68600815E+00,+1.27143529E+00
+33.70000E-03,+1.64168551E+00,+1.22460009E+00
+33.75000E-03,+1.60057999E+00,+1.18349431E+00
+33.80000E-03,+1.55535488E+00,+1.13826946E+00
+33.85000E-03,+1.49816716E+00,+1.08359430E+00
+33.90000E-03,+1.45947343E+00,+1.04490057E+00
+33.95000E-03,+1.41264003E+00,+1.00218752E+00
+34.00000E-03,+1.35836945E+00,+950.83150E-03
+34.05000E-03,+1.31595610E+00,+906.40836E-03
+34.10000E-03,+1.25846866E+00,+851.13224E-03
+34.15000E-03,+1.21284078E+00,+803.29304E-03
+34.20000E-03,+1.15887118E+00,+751.83601E-03
+34.25000E-03,+1.11615710E+00,+706.60937E-03
+34.30000E-03,+1.05666090E+00,+649.62573E-03
+34.35000E-03,+1.00409731E+00,+597.26341E-03
+34.40000E-03,+948.92066E-03,+546.70987E-03
+34.45000E-03,+895.05209E-03,+495.55461E-03
+34.50000E-03,+846.81088E-03,+447.31340E-03
+34.55000E-03,+787.41364E-03,+390.42872E-03
+34.60000E-03,+731.93807E-03,+337.46571E-03
+34.65000E-03,+676.96164E-03,+285.30361E-03
+34.70000E-03,+626.10762E-03,+236.76063E-03
+34.75000E-03,+568.41866E-03,+181.48399E-03
+34.80000E-03,+512.13751E-03,+127.71541E-03
+34.85000E-03,+455.25231E-03,+79.57418E-03
+34.90000E-03,+395.65432E-03,+32.94128E-03
+34.95000E-03,+330.12772E-03,-10.77627E-03
+35.00000E-03,+256.35862E-03,-30.07224E-03
+35.05000E-03,+171.63422E-03,-30.07224E-03
+35.10000E-03,+91.03068E-03,-32.58480E-03
+35.15000E-03,+779.16E-06,-31.37903E-03
+35.20000E-03,-72.48638E-03,-30.97702E-03
+35.25000E-03,-146.65828E-03,-30.07224E-03
+35.30000E-03,-234.89975E-03,-30.07224E-03
+35.35000E-03,-322.93969E-03,-32.58480E-03
+35.40000E-03,-403.44037E-03,-30.07224E-03
+35.45000E-03,-491.58055E-03,-30.07224E-03
+35.50000E-03,-562.73817E-03,-30.07224E-03
+35.55000E-03,-652.28617E-03,-30.07224E-03
+35.60000E-03,-742.53638E-03,-30.07224E-03
+35.65000E-03,-817.81250E-03,-30.07224E-03
+35.70000E-03,-899.01931E-03,-29.46948E-03
+35.75000E-03,-985.85349E-03,-30.07224E-03
+35.80000E-03,-1.06213358E+00,-28.96645E-03
+35.85000E-03,-1.14515023E+00,-30.07224E-03
+35.90000E-03,-1.22876806E+00,-30.07224E-03
+35.95000E-03,-1.30816478E+00,-30.07224E-03
+36.00000E-03,-1.38786327E+00,-30.07224E-03
+36.05000E-03,-1.46685772E+00,-30.07224E-03
+36.10000E-03,-1.54997277E+00,-27.55967E-03
+36.15000E-03,-1.62183392E+00,-27.55967E-03
+36.20000E-03,-1.69369216E+00,-29.66996E-03
+36.25000E-03,-1.77379187E+00,-27.55967E-03
+36.30000E-03,-1.83831395E+00,-27.96142E-03
+36.35000E-03,-1.91640573E+00,-27.55967E-03
+36.40000E-03,-1.99278790E+00,-27.55967E-03
+36.45000E-03,-2.06293733E+00,-27.55967E-03
+36.50000E-03,-2.12253559E+00,-27.55967E-03
+36.55000E-03,-2.18424545E+00,-27.55967E-03
+36.60000E-03,-2.26193310E+00,-27.55967E-03
+36.65000E-03,-2.32736024E+00,-27.55967E-03
+36.70000E-03,-2.38916955E+00,-27.55967E-03
+36.75000E-03,-2.46072840E+00,-26.05240E-03
+36.80000E-03,-2.52163292E+00,-27.55967E-03
+36.85000E-03,-2.57419468E+00,-25.04711E-03
+36.90000E-03,-2.63499763E+00,-25.24785E-03
+36.95000E-03,-2.69399154E+00,-25.04711E-03
+37.00000E-03,-2.76022323E+00,-25.04711E-03
+37.05000E-03,-2.81530047E+00,-26.45388E-03
+37.10000E-03,-2.86334201E+00,-27.55967E-03
+37.15000E-03,-2.92223541E+00,-27.25790E-03
+37.20000E-03,-2.98143139E+00,-25.04711E-03
+37.25000E-03,-3.03409418E+00,-25.04711E-03
+37.30000E-03,-3.08102751E+00,-25.04711E-03
+37.35000E-03,-3.12635602E+00,-25.04711E-03
+37.40000E-03,-3.16906745E+00,-25.04711E-03
+37.45000E-03,-3.20655837E+00,-25.04711E-03
+37.50000E-03,-3.26374135E+00,-25.04711E-03
+37.55000E-03,-3.30142898E+00,-25.04711E-03
+37.60000E-03,-3.33238349E+00,-25.85086E-03
+37.65000E-03,-3.38123147E+00,-25.04711E-03
+37.70000E-03,-3.42796192E+00,-25.04711E-03
+37.75000E-03,-3.46022322E+00,-25.04711E-03
+37.80000E-03,-3.49730811E+00,-25.04711E-03
+37.85000E-03,-3.52946972E+00,-25.04711E-03
+37.90000E-03,-3.55319047E+00,-25.04711E-03
+37.95000E-03,-3.58183369E+00,-25.04711E-03
+38.00000E-03,-3.59942136E+00,-24.04182E-03
+38.05000E-03,-3.61047421E+00,-22.53455E-03
+38.10000E-03,-3.64544881E+00,-24.84584E-03
+38.15000E-03,-3.67299055E+00,-24.84638E-03
+38.20000E-03,-3.67640358E+00,-25.04711E-03
+38.25000E-03,-3.70846416E+00,-25.04711E-03
+38.30000E-03,-3.71097672E+00,-25.04711E-03
+38.35000E-03,-3.73931870E+00,-25.04711E-03
+38.40000E-03,-3.73891669E+00,-25.04711E-03
+38.45000E-03,-3.73861491E+00,-25.04711E-03
+38.50000E-03,-3.77178047E+00,-25.04711E-03
+38.55000E-03,-3.77379079E+00,-24.14286E-03
+38.60000E-03,-3.77258449E+00,-25.04711E-03
+38.65000E-03,-3.77379079E+00,-22.53455E-03
+38.70000E-03,-3.77379079E+00,-22.93683E-03
+38.75000E-03,-3.76876621E+00,-22.53482E-03
+38.80000E-03,-3.77127823E+00,-22.53455E-03
+38.85000E-03,-3.77379079E+00,-22.53455E-03
+38.90000E-03,-3.77248398E+00,-23.84135E-03
+38.95000E-03,-3.73861491E+00,-22.53455E-03
+39.00000E-03,-3.73610235E+00,-24.54432E-03
+39.05000E-03,-3.73519537E+00,-24.94633E-03
+39.10000E-03,-3.70374027E+00,-22.53455E-03
+39.15000E-03,-3.70414227E+00,-23.23779E-03
+39.20000E-03,-3.67077571E+00,-23.94186E-03
+39.25000E-03,-3.66273332E+00,-25.04711E-03
+39.30000E-03,-3.63811240E+00,-24.44382E-03
+39.35000E-03,-3.60565036E+00,-22.53455E-03
+39.40000E-03,-3.59388992E+00,-22.73528E-03
+39.45000E-03,-3.57770929E+00,-23.13729E-03
+39.50000E-03,-3.54615095E+00,-22.53455E-03
+39.55000E-03,-3.51750938E+00,-22.53455E-03
+39.60000E-03,-3.48524725E+00,-25.04711E-03
+39.65000E-03,-3.45298292E+00,-22.83633E-03
+39.70000E-03,-3.42193177E+00,-22.53455E-03
+39.75000E-03,-3.36474254E+00,-23.03678E-03
+39.80000E-03,-3.32836311E+00,-22.53455E-03
+39.85000E-03,-3.29258504E+00,-22.53455E-03
+39.90000E-03,-3.24655131E+00,-23.33884E-03
+39.95000E-03,-3.20394017E+00,-22.53455E-03
+40.00000E-03,-3.16072381E+00,-22.53455E-03
+40.05000E-03,-3.11117552E+00,-22.53455E-03
+40.10000E-03,-3.07198203E+00,-22.53455E-03
+40.15000E-03,-3.02062137E+00,-22.53455E-03
+40.20000E-03,-2.96414007E+00,-22.53455E-03
+40.25000E-03,-2.90946919E+00,-22.53455E-03
+40.30000E-03,-2.85378969E+00,-22.53455E-03
+40.35000E-03,-2.80735781E+00,-22.53455E-03
+40.40000E-03,-2.74977125E+00,-22.53455E-03
+40.45000E-03,-2.68886479E+00,-22.53455E-03
+40.50000E-03,-2.62755743E+00,-22.53455E-03
+40.55000E-03,-2.56595077E+00,-22.53455E-03
+40.60000E-03,-2.50414145E+00,-22.53455E-03
+40.65000E-03,-2.45087456E+00,-22.53455E-03
+40.70000E-03,-2.37338573E+00,-22.53455E-03
+40.75000E-03,-2.30996865E+00,-24.04236E-03
+40.80000E-03,-2.24203034E+00,-22.53455E-03
+40.85000E-03,-2.16715820E+00,-22.53455E-03
+40.90000E-03,-2.10022046E+00,-22.53455E-03
+40.95000E-03,-2.04072381E+00,-24.94689E-03
+41.00000E-03,-1.97077378E+00,-22.53455E-03
+41.05000E-03,-1.89660265E+00,-21.63030E-03
+41.10000E-03,-1.82554821E+00,-22.53455E-03
+41.15000E-03,-1.75077210E+00,-22.53455E-03
+41.20000E-03,-1.67469282E+00,-22.53455E-03
+41.25000E-03,-1.59288377E+00,-22.53455E-03
+41.30000E-03,-1.52916658E+00,-22.53455E-03
+41.35000E-03,-1.44524614E+00,-22.53455E-03
+41.40000E-03,-1.36001945E+00,-22.53455E-03
+41.45000E-03,-1.29077322E+00,-22.53455E-03
+41.50000E-03,-1.20393904E+00,-22.53455E-03
+41.55000E-03,-1.12464256E+00,-22.53455E-03
+41.60000E-03,-1.04383995E+00,-22.53455E-03
+41.65000E-03,-961.72771E-03,-22.53455E-03
+41.70000E-03,-876.70286E-03,-21.42930E-03
+41.75000E-03,-795.89912E-03,-22.53455E-03
+41.80000E-03,-715.69671E-03,-22.53455E-03
+41.85000E-03,-626.85446E-03,-22.53455E-03
+41.90000E-03,-548.46306E-03,-22.53455E-03
+41.95000E-03,-474.09149E-03,-21.93181E-03
+42.00000E-03,-389.86897E-03,-22.53455E-03
+42.05000E-03,-302.93373E-03,-22.53455E-03
+42.10000E-03,-212.88404E-03,-22.53455E-03
+42.15000E-03,-135.69811E-03,-22.53455E-03
+42.20000E-03,-51.17494E-03,-22.53455E-03
+42.25000E-03,+28.72541E-03,-22.53455E-03
+42.30000E-03,+108.42249E-03,-20.92622E-03
+42.35000E-03,+194.45236E-03,-22.53455E-03
+42.40000E-03,+271.03669E-03,-21.73024E-03
+42.45000E-03,+350.43282E-03,-422.58E-06
+42.50000E-03,+417.16507E-03,+45.30550E-03
+42.55000E-03,+468.32085E-03,+86.81304E-03
+42.60000E-03,+528.82450E-03,+137.66844E-03
+42.65000E-03,+588.42249E-03,+193.95014E-03
+42.70000E-03,+645.30606E-03,+249.22595E-03
+42.75000E-03,+694.05007E-03,+297.06515E-03
+42.80000E-03,+752.04030E-03,+350.03025E-03
+42.85000E-03,+809.52774E-03,+407.51769E-03
+42.90000E-03,+863.39652E-03,+460.68324E-03
+42.95000E-03,+910.83456E-03,+506.31195E-03
+43.00000E-03,+968.42193E-03,+561.88870E-03
+43.05000E-03,+1.02068295E+00,+609.22595E-03
+43.10000E-03,+1.07646184E+00,+664.40155E-03
+43.15000E-03,+1.12992889E+00,+717.66788E-03
+43.20000E-03,+1.17736665E+00,+763.39652E-03
+43.25000E-03,+1.22822007E+00,+815.15503E-03
+43.30000E-03,+1.27525667E+00,+861.78963E-03
+43.35000E-03,+1.32992804E+00,+917.16393E-03
+43.40000E-03,+1.37465395E+00,+960.08109E-03
+43.45000E-03,+1.42450119E+00,+1.00741576E+00
+43.50000E-03,+1.47897498E+00,+1.05937700E+00
+43.55000E-03,+1.51887448E+00,+1.09927649E+00
+43.60000E-03,+1.56530521E+00,+1.14570722E+00
+43.65000E-03,+1.61304419E+00,+1.19515446E+00
+43.70000E-03,+1.65575862E+00,+1.23656293E+00
+43.75000E-03,+1.69354785E+00,+1.27646243E+00
+43.80000E-03,+1.73877197E+00,+1.32168654E+00
+43.85000E-03,+1.78651066E+00,+1.36440011E+00
+43.90000E-03,+1.82922423E+00,+1.40721476E+00
+43.95000E-03,+1.86530492E+00,+1.44570693E+00
+44.00000E-03,+1.90560671E+00,+1.48550593E+00
+44.05000E-03,+1.94992803E+00,+1.53033005E+00
+44.10000E-03,+1.97907434E+00,+1.55947635E+00
+44.15000E-03,+2.01334454E+00,+1.59555589E+00
+44.20000E-03,+2.05565696E+00,+1.64108410E+00
+44.25000E-03,+2.08601046E+00,+1.67143760E+00
+44.30000E-03,+2.12118547E+00,+1.70791856E+00
+44.35000E-03,+2.15646127E+00,+1.73937585E+00
+44.40000E-03,+2.18349558E+00,+1.76641016E+00
+44.45000E-03,+2.21696494E+00,+1.79796968E+00
+44.50000E-03,+2.24882221E+00,+1.82922423E+00
+44.55000E-03,+2.27585855E+00,+1.85766731E+00
+44.60000E-03,+2.30801877E+00,+1.88912459E+00
+44.65000E-03,+2.33424935E+00,+1.91686213E+00
+44.70000E-03,+2.35203771E+00,+1.93485208E+00
+44.75000E-03,+2.38098360E+00,+1.95937527E+00
+44.80000E-03,+2.40028008E+00,+1.97816953E+00
+44.85000E-03,+2.42812073E+00,+2.00601018E+00
+44.90000E-03,+2.45123660E+00,+2.02832174E+00
+44.95000E-03,+2.46359695E+00,+2.04108410E+00
+45.00000E-03,+2.48500399E+00,+2.05786831E+00
+45.05000E-03,+2.50510362E+00,+2.07836966E+00
+45.10000E-03,+2.52269156E+00,+2.09555588E+00
+45.15000E-03,+2.52922568E+00,+2.10209000E+00
+45.20000E-03,+2.54279206E+00,+2.11726413E+00
+45.25000E-03,+2.56791769E+00,+2.13826945E+00
+45.30000E-03,+2.56600989E+00,+2.13646245E+00
+45.35000E-03,+2.58992832E+00,+2.16279265E+00
+45.40000E-03,+2.58801819E+00,+2.16088251E+00
+45.45000E-03,+2.60510508E+00,+2.17656208E+00
+45.50000E-03,+2.61063125E+00,+2.18198833E+00
+45.55000E-03,+2.60872200E+00,+2.18158632E+00
+45.60000E-03,+2.61063125E+00,+2.18349558E+00
+45.65000E-03,+2.63163863E+00,+2.20430224E+00
+45.70000E-03,+2.63384704E+00,+2.20610864E+00
+45.75000E-03,+2.63475215E+00,+2.20610864E+00
+45.80000E-03,+2.63324432E+00,+2.20610864E+00
+45.85000E-03,+2.61244000E+00,+2.18460052E+00
+45.90000E-03,+2.61284201E+00,+2.18319378E+00
+45.95000E-03,+2.61063125E+00,+2.18349558E+00
+46.00000E-03,+2.61063125E+00,+2.18148523E+00
+46.05000E-03,+2.59073087E+00,+2.16269097E+00
+46.10000E-03,+2.58932443E+00,+2.15967619E+00
+46.15000E-03,+2.58721387E+00,+2.16007820E+00
+46.20000E-03,+2.56540512E+00,+2.13615919E+00
+46.25000E-03,+2.56289020E+00,+2.13575452E+00
+46.30000E-03,+2.54279206E+00,+2.11816895E+00
+46.35000E-03,+2.52269156E+00,+2.09384704E+00
+46.40000E-03,+2.51997681E+00,+2.09032857E+00
+46.45000E-03,+2.50419880E+00,+2.07706312E+00
+46.50000E-03,+2.47997799E+00,+2.05535488E+00
+46.55000E-03,+2.45997828E+00,+2.03535517E+00
+46.60000E-03,+2.43726442E+00,+2.01264131E+00
+46.65000E-03,+2.41465136E+00,+1.99435015E+00
+46.70000E-03,+2.39344562E+00,+1.97384764E+00
+46.75000E-03,+2.37193779E+00,+1.95233980E+00
+46.80000E-03,+2.34761410E+00,+1.92801612E+00
+46.85000E-03,+2.32489994E+00,+1.90781452E+00
+46.90000E-03,+2.28771490E+00,+1.87062948E+00
+46.95000E-03,+2.26389759E+00,+1.84490232E+00
+47.00000E-03,+2.22922184E+00,+1.81263953E+00
+47.05000E-03,+2.19746513E+00,+1.78148553E+00
+47.10000E-03,+2.17103118E+00,+1.75464958E+00
+47.15000E-03,+2.13354613E+00,+1.72118403E+00
+47.20000E-03,+2.10349439E+00,+1.69133389E+00
+47.25000E-03,+2.06992804E+00,+1.65585739E+00
+47.30000E-03,+2.02972524E+00,+1.61605661E+00
+47.35000E-03,+1.99776574E+00,+1.58319288E+00
+47.40000E-03,+1.95917278E+00,+1.54208736E+00
+47.45000E-03,+1.91967649E+00,+1.50259106E+00
+47.50000E-03,+1.87696292E+00,+1.45987750E+00
+47.55000E-03,+1.83997560E+00,+1.42289018E+00
+47.60000E-03,+1.80550324E+00,+1.38590525E+00
+47.65000E-03,+1.75846806E+00,+1.34258837E+00
+47.70000E-03,+1.71555319E+00,+1.30188515E+00
+47.75000E-03,+1.67495077E+00,+1.26037791E+00
+47.80000E-03,+1.62550504E+00,+1.20841961E+00
+47.85000E-03,+1.58289017E+00,+1.16550354E+00
+47.90000E-03,+1.54017690E+00,+1.12309148E+00
+47.95000E-03,+1.49002825E+00,+1.07545539E+00
+48.00000E-03,+1.44630785E+00,+1.03173499E+00
+48.05000E-03,+1.39535278E+00,+983.89580E-03
+48.10000E-03,+1.34580564E+00,+936.25791E-03
+48.15000E-03,+1.29796584E+00,+888.41811E-03
+48.20000E-03,+1.25193750E+00,+842.99248E-03
+48.25000E-03,+1.19555378E+00,+783.49348E-03
+48.30000E-03,+1.14419730E+00,+734.64956E-03
+48.35000E-03,+1.09746303E+00,+687.91529E-03
+48.40000E-03,+1.04600634E+00,+638.97117E-03
+48.45000E-03,+990.32886E-03,+585.80625E-03
+48.50000E-03,+932.23629E-03,+531.73439E-03
+48.55000E-03,+877.36313E-03,+477.86564E-03
+48.60000E-03,+827.01137E-03,+427.51388E-03
+48.65000E-03,+774.14705E-03,+377.16212E-03
+48.70000E-03,+723.39297E-03,+328.92062E-03
+48.75000E-03,+665.90523E-03,+271.43348E-03
+48.80000E-03,+605.50383E-03,+215.65489E-03
+48.85000E-03,+548.41810E-03,+163.19227E-03
+48.90000E-03,+493.44322E-03,+112.84051E-03
+48.95000E-03,+435.95578E-03,+67.51388E-03
+49.00000E-03,+375.95578E-03,+17.16212E-03
+49.05000E-03,+311.03146E-03,-20.22360E-03
+49.10000E-03,+237.46423E-03,-32.28360E-03
+49.15000E-03,+150.02644E-03,-32.58480E-03
+49.20000E-03,+63.59245E-03,-32.58480E-03
+49.25000E-03,-20.02351E-03,-31.07757E-03
+49.30000E-03,-92.78702E-03,-32.58480E-03
+49.35000E-03,-179.92392E-03,-30.27355E-03
+49.40000E-03,-262.13497E-03,-30.27294E-03
+49.45000E-03,-350.07559E-03,-30.67495E-03
+49.50000E-03,-433.59318E-03,-32.58480E-03
+49.55000E-03,-513.79327E-03,-32.58480E-03
+49.60000E-03,-585.55298E-03,-30.07224E-03
+49.65000E-03,-679.52069E-03,-30.07224E-03
+49.70000E-03,-767.66353E-03,-30.07224E-03
+49.75000E-03,-845.15005E-03,-30.07224E-03
+49.80000E-03,-928.76937E-03,-30.07224E-03
+49.85000E-03,-1.01329106E+00,-30.07224E-03
+49.90000E-03,-1.08675809E+00,-30.07224E-03
+49.95000E-03,-1.16434634E+00,-30.07224E-03
+50.00000E-03,-1.25369185E+00,-30.07224E-03
+50.05000E-03,-1.33087870E+00,-30.07224E-03
+50.10000E-03,-1.41570374E+00,-30.07224E-03
+50.15000E-03,-1.49530081E+00,-28.76540E-03
+50.20000E-03,-1.56334132E+00,-30.07224E-03
+50.25000E-03,-1.64464601E+00,-29.56942E-03
+50.30000E-03,-1.71469903E+00,-30.07224E-03
+50.35000E-03,-1.79178291E+00,-30.07224E-03
+50.40000E-03,-1.86474866E+00,-30.07224E-03
+50.45000E-03,-1.93519908E+00,-28.66489E-03
+50.50000E-03,-2.00997480E+00,-29.06690E-03
+50.55000E-03,-2.07580240E+00,-27.55967E-03
